PID,sex,MTES_SocialMediaUse_TimeOnApp.sum,MTES_PhoneChecking.mean,MTES_PublicUpdates.mean,sas_mean,yrbs_z_score_2000_3000,gender_now,participant_age,positiveriskfreq_mean,negativerisk_ever_mean,positiverisk_ever_mean,negativeriskfreq_mean,SocialUsage,ParasocialUsage,OverallUsage,zuckerman.mean,texi_workingmemory.sum,texi_inhibition.sum,bas.sum,barrets.sum,white,black,hispanic,asian,native,african,other,foraging
2001,1,28,6,4,2.8,-3.215494452,1,15,1.714285714,0.571428571,1,1,7,14,19,0.666666667,21,14,25,17,0,1,1,0,0,0,0,33.91
2003,2,13,3,4,1.7,-1.042716885,2,17,1.428571429,0,0.714285714,0,5,6,11,0.833333333,32,20,16,10,1,0,0,0,0,0,0,17.04
2005,2,18,5.666666667,2.5,1.9,-0.959616809,2,17,1.857142857,0.285714286,0.928571429,0.285714286,6,6,12,0.5,16,13,27,18,1,0,0,0,0,0,0,39.67
2006,2,5,4.333333333,2,1.6,-1.043386871,2,13,1.428571429,0,0.857142857,0,0,5,5,0.5,31,25,23,8,0,0,0,1,0,0,0,144.25
2007,2,16,5,4,1.3,0.389360521,2,17,1.357142857,0.571428571,0.857142857,1.142857143,6,9,14,0.5,21,17,24,13,0,1,0,0,0,0,0,13.37
2009,2,7,3,1,1.8,-0.999514558,2,13,0.5,0,0.5,0,0,7,7,0.666666667,22,18,30,15,1,0,0,0,0,0,0,21.72
2011,1,23,4.666666667,2.5,3.1,-0.372601189,1,15,1.571428571,0.428571429,0.928571429,1,7,9,16,0.333333333,8,12,23,16,0,1,1,0,1,0,0,31.82
2012,1,18,4.666666667,1.5,2.2,-1.043098326,1,16,0.785714286,0,0.642857143,0,6,12,16,0.166666667,24,17,24,15,0,0,0,1,0,0,0,47.00
2013,1,20,3,4,2.3,-1.043050235,1,15,1.857142857,0.142857143,0.857142857,0.428571429,7,13,20,0.666666667,19,21,25,11,0,0,0,1,0,0,0,49.38
2014,2,19,3.333333333,2.5,3.1,0.459566627,2,16,1.214285714,0.571428571,0.928571429,1,6,11,15,0.833333333,23,19,25,15,1,0,0,0,0,0,0,17.45
2015,2,22,5.333333333,7,3.6,-0.757048233,2,15,1.357142857,0.285714286,0.928571429,0.428571429,7,15,22,0.166666667,20,22,34,11,0,1,0,0,0,0,0,67.80
2016,1,25,5.666666667,4.5,3.6,-0.791451502,1,15,1.714285714,0.142857143,0.928571429,0.142857143,7,18,25,0.5,13,10,18,19,0,0,0,1,0,0,0,37.45
2017,2,29,6.333333333,2,3.4,-0.913306847,2,15,0.857142857,0.142857143,0.571428571,0.285714286,7,21,26,0.5,10,14,25,19,0,1,0,0,0,0,0,60.79
2018,1,26,5.666666667,4.5,2.1,-0.917082551,1,13,1.5,0.285714286,0.785714286,0.428571429,8,17,24,0.666666667,27,11,22,15,0,1,0,0,0,0,0,68.70
2019,1,23,4.333333333,5.5,3.2,-0.749398153,5,14,1.571428571,0.285714286,0.928571429,0.571428571,7,12,18,0.833333333,18,16,29,11,1,0,0,0,0,0,0,31.00
2020,1,42,7,7.5,4.5,-1.127693699,1,15,1,0.571428571,0.642857143,1.428571429,7,26,29,0.666666667,17,12,26,18,0,1,1,0,0,0,0,15.54
2021,2,12,4.333333333,1.5,2.1,-0.741482256,2,17,1.142857143,0.428571429,0.642857143,0.714285714,4,8,11,0.666666667,23,21,24,11,0,1,0,0,0,0,0,51.20
2022,2,34,5,4,2.1,-1.041781403,2,15,1.214285714,0.285714286,0.714285714,0.428571429,7,16,22,0,28,18,29,14,1,0,0,0,0,0,0,19.71
2023,1,38,6.666666667,2.5,4.1,-0.916842097,1,17,1.857142857,0.571428571,0.857142857,1.714285714,9,29,31,0.666666667,17,13,28,15,0,1,0,0,0,0,0,70.64
2024,1,19,4,3,3.1,-0.791066776,1,14,1.214285714,0.428571429,0.785714286,0.571428571,4,15,19,1,13,12,25,19,1,1,0,0,1,1,1,25.86
2026,2,3,1.333333333,1,1,-1.042425055,2,15,0.071428571,0,0.071428571,0,0,3,3,0,30,28,39,10,0,1,0,0,0,0,0,100.17
2027,1,25,4,4.5,2.5,-0.874740657,1,14,2,0.571428571,0.785714286,1.428571429,6,19,25,0.5,22,15,22,19,0,1,0,0,0,0,0,71.54
2028,2,25,4.666666667,1.5,1.8,-0.456999503,2,13,1.642857143,0.571428571,0.857142857,0.857142857,12,13,25,0.666666667,17,8,22,21,0,0,0,0,0,0,1,34.40
2029,2,15,5,4,3.9,-0.821041567,5,17,2,0.714285714,0.928571429,1.571428571,5,9,12,0.5,4,8,22,25,0,1,0,0,0,0,0,65.22
2030,1,14,4.666666667,3.5,2.4,-0.826852957,1,13,0.785714286,0.142857143,0.571428571,0.285714286,2,12,14,0.333333333,18,18,24,14,0,1,0,0,0,0,0,33.77
2031,2,20,5.333333333,2,2.2,-0.756296267,2,14,2.071428571,0.571428571,1,1.714285714,12,8,19,0.833333333,16,14,22,21,1,0,0,0,0,0,0,24.29
2032,2,15,4.666666667,3,2.1,-0.623045742,2,14,1.357142857,0.428571429,0.714285714,0.714285714,6,9,15,0.833333333,22,14,21,20,0,1,0,0,0,0,0,26.52
2033,1,24,3,1.5,3.2,-1.083997496,1,17,0.857142857,0.142857143,0.785714286,0.142857143,10,12,22,0.833333333,18,16,27,24,0,0,0,1,0,0,0,13.56
2034,2,24,5.333333333,3,2.5,0.885777203,2,17,2.428571429,0.857142857,1,2.428571429,8,13,19,0.833333333,22,16,32,15,0,1,1,0,0,0,0,36.39
2035,1,27,4.666666667,2,2.8,-0.706719623,1,14,1.285714286,0.285714286,0.857142857,0.428571429,8,19,27,0.5,21,19,25,17,0,1,0,0,0,0,0,23.50
2037,1,14,6.333333333,7,4.1,-0.91232213,1,13,1.857142857,0,0.928571429,0,3,11,14,NA,NA,NA,NA,NA,NA,NA,NA,NA,NA,NA,NA,#N/A
2038,1,19,5.666666667,4,3.6,-0.999938888,1,16,1.357142857,0.142857143,0.928571429,0.428571429,11,7,18,0.166666667,22,12,23,18,0,1,0,0,0,0,0,19.22
2039,2,17,5,2,2.8,-0.916072644,2,14,1.571428571,0.142857143,0.785714286,0.428571429,8,9,16,0.666666667,14,14,29,18,0,0,1,0,0,0,0,22.79
2040,1,8,3.333333333,2.5,2,-1.041751783,1,13,1.428571429,0.142857143,0.928571429,0.142857143,6,2,8,0.5,24,19,17,13,1,0,0,0,0,0,0,52.00
2041,2,16,6,6.5,3.2,-0.748340155,2,17,2.357142857,0.571428571,0.928571429,1.428571429,11,5,15,0.666666667,16,11,18,16,0,1,0,1,0,0,0,26.11
2042,2,16,3.666666667,1,1.7,-0.644315076,2,14,0.142857143,0,0.142857143,0,0,11,11,0.833333333,9,15,29,20,1,0,0,0,0,0,0,145.00
2043,1,11,5,3,4.2,3.08157151,1,16,0.857142857,0.428571429,0.571428571,0.428571429,3,8,11,0.5,31,27,20,14,0,0,0,1,0,0,0,0.00
2044,2,4,1,1,NA,-1.04155942,2,15,1.142857143,0.285714286,0.571428571,0.571428571,0,3,3,0.5,25,21,36,11,1,0,0,0,0,0,1,31.04
2045,2,14,5,3,2.5,-0.077602564,2,17,1.5,0.428571429,0.857142857,1.285714286,11,3,13,1,22,20,27,13,1,0,0,0,0,0,0,104.43
2046,2,4,2.666666667,1,2,-0.81471618,2,13,2.428571429,0.5,0.928571429,1.285714286,0,4,4,0.833333333,9,2,17,26,1,1,0,0,0,0,0,30.23
2047,2,22,5.333333333,2.5,2.4,-0.427891519,2,17,0.785714286,0.142857143,0.571428571,0.142857143,7,13,17,0.5,16,17,18,16,0,1,0,0,0,0,0,43.83
2048,2,11,3,2,1.8,-0.496549059,2,17,1,0.714285714,0.571428571,1.285714286,4,7,11,0.833333333,22,19,16,22,0,0,0,1,0,0,0,25.13
2049,1,15,4.333333333,4.5,4.1,-0.072567533,1,16,1.142857143,0.428571429,0.928571429,0.571428571,5,10,15,0.5,7,10,21,14,0,1,0,0,0,0,0,57.73
2050,2,10,3.333333333,2.5,3,-0.873634568,2,13,1.071428571,0,0.785714286,0,5,5,10,NA,NA,NA,NA,NA,NA,NA,NA,NA,NA,NA,NA,66.45
2051,2,13,6,3.5,3.1,-1.083131861,2,15,1.428571429,0.571428571,0.642857143,1.285714286,5,7,12,0.333333333,11,11,23,19,0,1,0,0,0,0,0,11.28
2053,1,24,6.333333333,6,4.1,-0.903224573,1,13,1.928571429,0.428571429,0.928571429,1,2,16,18,0.833333333,12,8,25,23,0,1,0,0,0,0,0,20.42
2054,1,31,4,4.5,3.2,0.063916638,1,15,1.214285714,0.571428571,0.928571429,1.285714286,10,16,26,0.166666667,9,7,22,18,0,1,0,0,0,0,0,64.23
2055,2,0,4,1,NA,-1.125970444,2,14,1.214285714,0,0.785714286,0,0,0,0,0.666666667,11,14,21,21,1,0,0,0,0,0,0,46.94
2056,1,20,3.333333333,2,3,-1.040107385,1,16,0.714285714,0.142857143,0.571428571,0.428571429,6,14,20,0.333333333,21,13,29,15,0,0,1,0,0,0,0,70.33
2057,2,13,3.666666667,2.5,3,-0.999025162,2,13,1.642857143,0.285714286,0.928571429,0.428571429,3,10,13,0.833333333,21,20,18,15,0,1,0,0,0,0,0,57.30
2058,1,35,5.666666667,5,3.1,-0.789431688,1,15,1.071428571,0.142857143,0.714285714,0.428571429,11,22,29,0.833333333,23,18,27,15,0,1,0,0,0,0,0,74.75
2059,1,9,3.666666667,2.5,1.8,-0.957019904,1,15,1.5,0,0.928571429,0,1,7,8,0,22,25,29,10,1,0,0,0,0,0,0,26.52
2060,1,15,5,3.5,3.4,-1.040789966,1,17,1.428571429,0.714285714,0.785714286,1,3,12,15,0.666666667,10,18,23,21,1,0,0,0,0,0,0,29.13
2061,1,11,3.333333333,3.5,2.7,-0.996954293,1,15,1.857142857,0.285714286,0.928571429,0.285714286,2,9,11,0.333333333,8,16,21,23,1,0,0,0,0,0,0,27.57
2062,2,41,4.333333333,3,3.3,-0.873057478,2,16,0.785714286,0,0.571428571,0,12,23,33,0.5,18,15,21,14,1,0,1,0,0,0,0,99.00
2066,1,16,3.333333333,2.5,2.2,-0.996708114,1,15,1.642857143,0,0.857142857,0,5,11,16,0.5,6,10,30,14,0,0,1,0,0,0,0,77.88
2067,2,30,5.666666667,4.5,3.1,0.146440806,2,17,1.142857143,0.428571429,0.928571429,0.428571429,6,22,24,NA,NA,NA,NA,NA,NA,NA,NA,NA,NA,NA,NA,18.00
2068,1,24,4,2,1.7,0.174957986,1,16,2,0.428571429,0.785714286,0.857142857,4,19,19,1,24,19,17,10,0,1,0,0,0,0,0,12.27
2069,2,20,6,6,3.9,-0.953653495,2,14,1.714285714,0.428571429,0.928571429,1,9,11,20,0.5,3,0,27,28,1,0,0,0,0,0,0,25.25
2070,1,30,5.333333333,3,4.1,-1.040309058,1,15,1.142857143,0.428571429,0.785714286,0.714285714,6,11,17,0.833333333,11,12,15,21,0,0,0,1,0,0,0,57.73
2071,1,14,5.666666667,3.5,2.9,-0.781927375,1,14,1,0.714285714,0.642857143,1.142857143,5,8,13,0,20,21,35,14,0,1,0,0,0,0,0,21.00
2072,2,14,5.333333333,2.5,2,0.556241773,2,16,0.785714286,0.714285714,0.428571429,1.857142857,4,10,13,0.333333333,32,28,13,10,0,1,0,0,0,0,0,114.67
2073,1,15,6.666666667,4.5,1.9,1.047767943,1,17,1.428571429,0.428571429,0.857142857,1,7,8,15,0.833333333,20,19,26,17,1,0,1,0,0,0,0,24.82
2074,1,26,6,6,3.3,1.778093341,1,16,2.5,0.857142857,1,2.428571429,11,15,25,0.833333333,16,14,19,21,0,1,0,0,0,0,0,27.28
2075,1,23,5.333333333,3,3.2,0.187773387,1,17,1,0.285714286,0.714285714,0.571428571,7,16,22,0.333333333,19,13,39,19,0,1,0,0,0,0,0,#N/A
2076,2,20,4,1,3.5,-0.440999725,2,13,1.714285714,0.428571429,0.857142857,0.714285714,4,16,20,0.666666667,15,16,29,18,1,0,0,0,0,0,0,38.61
2077,2,34,3,3,1.8,-0.872336115,2,14,1.214285714,0.142857143,0.785714286,0.142857143,7,22,24,0.666666667,18,20,23,17,0,1,0,0,0,0,0,27.42
2078,1,22,5.333333333,3.5,2.9,-0.65889835,1,16,1.928571429,0.571428571,0.928571429,0.714285714,6,15,20,0.666666667,24,16,17,12,0,1,0,0,0,0,0,65.85
2079,1,15,6.333333333,5.5,2.7,-1.039876241,1,17,0.642857143,0.285714286,0.5,0.571428571,2,12,13,0.5,24,17,18,22,0,1,0,0,0,0,0,50.60
2080,1,17,3,5.5,3.2,1.170966722,1,17,1.071428571,0.428571429,0.857142857,1.142857143,7,9,16,0.833333333,7,7,20,20,0,0,1,0,0,0,0,30.50
2081,1,19,2.666666667,3.5,2.4,-0.781435017,1,15,1.5,0.428571429,0.857142857,0.714285714,6,12,18,0.666666667,16,13,19,17,0,0,0,1,0,0,0,32.81
2082,2,19,5,2.5,3.3,2.154019063,2,17,2.071428571,0.857142857,1,2.285714286,7,11,17,0.833333333,12,9,28,20,1,0,0,0,0,0,0,8.37
2083,1,19,5,4,3.4,-0.62059311,1,17,1.571428571,0.857142857,0.857142857,1.571428571,5,14,17,1,28,22,21,15,0,1,0,0,0,0,0,#N/A
2084,2,21,4,2,2.3,-0.913908556,2,14,0.928571429,0.142857143,0.571428571,0.142857143,8,10,17,0.333333333,15,14,27,18,1,0,0,0,0,0,0,41.47
2085,1,23,4.333333333,2.5,2.5,0.385320914,1,17,1.571428571,0.714285714,0.928571429,1.428571429,11,11,21,0.5,17,15,31,16,1,0,0,0,0,0,0,78.27
2086,2,8,3,1,1.9,-0.871903298,2,14,0.928571429,0.142857143,0.714285714,0.142857143,2,6,6,0.333333333,15,11,20,20,1,0,0,0,0,0,0,52.20
2087,1,20,4,3,2.3,-0.800240839,1,13,1.285714286,0.333333333,0.785714286,0.428571429,5,15,20,NA,NA,NA,NA,NA,NA,NA,NA,NA,NA,NA,NA,20.45
2088,2,20,3.333333333,2,2.5,-0.65236963,1,11,0.571428571,0.285714286,0.357142857,0.285714286,6,12,15,0.333333333,11,11,32,20,0,1,0,0,1,0,1,30.25
2089,2,15,1.333333333,1,3,-0.801274792,2,13,0.785714286,0,0.5,0,0,15,15,0.666666667,15,20,21,14,0,0,0,0,0,0,1,23.45
2090,2,14,3.666666667,3,2.4,-0.955529088,2,13,0.714285714,0.142857143,0.571428571,0.142857143,7,7,14,0,17,16,33,21,1,0,0,0,0,0,0,10.95
2091,2,26,5.333333333,3,2.1,0.639047928,2,16,1.857142857,0.714285714,0.928571429,1.571428571,15,11,25,1,30,12,43,22,1,0,0,0,0,0,0,31.22
2092,1,29,6,5.5,2.7,-1.038334894,1,13,1.428571429,0.142857143,0.785714286,0.142857143,9,20,28,0.833333333,18,15,21,16,0,1,0,0,0,0,0,17.50
2093,1,27,6,5,2.7,-1.039202969,1,13,2.142857143,0.428571429,0.857142857,0.857142857,9,18,27,1,16,14,35,21,0,0,1,0,0,0,0,49.33
2094,1,9,3,1,2.1,-0.909515686,1,15,1.071428571,0.142857143,0.857142857,0.142857143,1,8,9,0.333333333,26,19,33,8,1,0,0,0,0,0,0,33.55
2095,2,9,1,2.5,NA,-0.955288634,2,14,2,0.285714286,0.928571429,0.714285714,0,9,9,1,24,11,24,23,1,0,0,0,0,0,0,12.41
2096,1,18,5.333333333,3.5,3.4,-0.829513313,1,16,1.857142857,0.571428571,0.928571429,1.142857143,7,11,18,0.666666667,22,12,21,14,1,0,0,0,0,0,0,50.36
2097,2,24,5.333333333,2,2.2,-0.619919838,2,16,2.214285714,0.285714286,1,0.285714286,11,12,21,1,24,18,24,11,1,0,0,0,0,0,0,35.19
2098,1,20,3,3,3.2,0.447192461,1,14,2.5,0.714285714,0.928571429,1.714285714,6,11,17,1,14,12,19,22,0,0,0,1,0,0,0,27.83
2099,2,13,4,3.5,2.5,-0.094038181,2,17,1.642857143,0.714285714,0.928571429,0.714285714,6,7,12,0.5,13,18,26,17,0,1,0,0,0,0,0,74.38
2100,1,11,4,5,2.2,-1.038866333,1,15,1.428571429,0.142857143,0.928571429,0.142857143,8,2,10,0.833333333,19,18,24,14,1,0,0,1,0,0,0,17.96
2101,1,29,2.333333333,1,4.3,-0.074470258,1,16,0.785714286,0.142857143,0.5,0.142857143,11,9,20,0.333333333,14,7,21,23,0,1,0,0,0,0,0,148.00
2102,1,28,4,2.5,2.6,-1.038770151,1,14,1.285714286,0.428571429,0.785714286,0.857142857,13,14,27,0.5,20,14,26,14,1,0,0,0,0,0,1,78.67
2103,1,21,6.666666667,4,4.2,-1.080631137,1,17,0.357142857,0.428571429,0.285714286,0.857142857,8,13,19,0.166666667,16,14,17,14,0,1,1,0,0,0,0,134.00
2104,1,44,2.333333333,7,1.7,-0.73739568,1,14,1.428571429,0.142857143,0.785714286,0.428571429,5,29,28,0.166666667,28,23,23,12,0,1,0,0,0,0,0,67.82
2105,1,10,4.333333333,1.5,1.9,-0.384209046,1,14,1.071428571,0,0.857142857,0,0,10,10,1,8,8,24,25,0,1,0,0,0,0,0,69.75
2106,2,23,4.666666667,2,2.4,-1.037645592,2,15,1.214285714,0.142857143,0.571428571,0.142857143,6,17,18,0.333333333,20,15,30,14,0,1,1,0,0,0,0,29.70
2107,1,0,2,6,2.4,4.55611674,1,16,0.428571429,0.571428571,0.5,0.571428571,0,0,0,NA,NA,NA,NA,NA,NA,NA,NA,NA,NA,NA,NA,10.61
2108,1,24,5,4,3.4,0.394107305,1,14,1.071428571,0.571428571,0.642857143,1.142857143,9,15,24,0.5,31,28,15,11,0,1,1,0,0,0,0,10.00
2109,2,8,2.666666667,1,1.1,-0.242161057,2,15,1.071428571,0,0.5,0,0,8,6,0.5,30,23,22,11,0,1,1,0,0,0,0,65.08
2110,1,21,5.666666667,6.5,2.9,-0.870749118,1,14,1.285714286,0.285714286,0.642857143,0.428571429,9,12,21,NA,NA,NA,NA,NA,NA,NA,NA,NA,NA,NA,NA,#N/A
2111,1,21,5.666666667,3,3.7,-0.744973797,1,15,1.857142857,0.285714286,1,0.428571429,11,10,21,0.166666667,20,21,17,13,0,1,0,0,0,0,0,71.25
2112,2,26,7,4,3.9,-0.409653092,2,15,1.928571429,0.857142857,0.928571429,2,12,14,26,0.833333333,9,3,17,28,0,1,0,0,0,0,0,53.00
2113,1,28,6.666666667,6,4.5,-0.138093477,1,16,1.785714286,0.428571429,0.928571429,1,7,18,22,0.833333333,20,11,23,18,0,0,0,0,0,1,0,26.00
2114,1,28,4.333333333,3,3,-0.577193217,1,16,1.142857143,0.571428571,1,0.571428571,7,17,24,0.333333333,20,15,25,14,0,1,1,0,0,0,0,42.08
2115,2,19,6.333333333,3.5,3.1,0.568864655,2,15,0.928571429,0.428571429,0.642857143,0.714285714,7,12,19,0.833333333,20,17,23,16,1,0,0,0,0,0,0,39.59
2116,1,21,3.666666667,3.5,4.2,-0.137952483,1,16,1.928571429,0.428571429,0.857142857,1.285714286,10,11,18,0.333333333,11,12,17,19,0,1,0,0,0,0,0,76.80
2117,1,48,4,5.5,2.6,0.017111959,1,16,1.857142857,0.428571429,0.785714286,1,10,25,35,1,12,20,30,13,0,0,0,0,0,0,0,53.75
2118,2,19,3.333333333,1,1.9,-1.165775498,2,14,0.642857143,0.285714286,0.642857143,0.285714286,1,17,17,NA,NA,NA,NA,NA,NA,NA,NA,NA,NA,NA,NA,#N/A
2119,1,25,3.333333333,6,3,-1.08034892,1,15,1.857142857,0.428571429,1,0.857142857,7,14,21,1,12,10,22,23,1,0,0,0,0,0,0,18.24
2120,1,11,2.666666667,1,2.7,-0.828359133,1,13,0.642857143,0.428571429,0.642857143,0.571428571,0,9,9,0.666666667,7,11,24,21,0,1,0,0,0,0,0,91.00
2121,2,25,6.333333333,3.5,3.7,-0.21776348,2,16,1.857142857,0.714285714,0.928571429,1.714285714,11,14,25,1,19,13,27,21,0,0,0,1,0,0,0,17.84
2122,1,16,4,2,2.3,-1.079717412,1,16,1.357142857,0.142857143,0.857142857,0.142857143,3,10,13,0.833333333,17,10,28,19,1,0,0,0,0,0,0,81.89
2123,1,14,3.666666667,2.5,2.7,-0.424319682,1,16,1.571428571,0.571428571,0.857142857,0.714285714,5,9,14,0.666666667,21,23,32,16,0,1,0,0,0,0,0,50.64
2124,1,18,5.333333333,2,3.7,-0.616658856,1,17,1.142857143,0.714285714,0.857142857,1,6,10,16,0.833333333,20,15,23,16,0,0,0,1,0,0,0,40.33
2125,1,18,4.666666667,4,4.2,0.108210084,1,15,1.357142857,0.714285714,0.857142857,1.857142857,5,13,17,1,17,13,27,20,0,1,0,0,0,0,0,121.00
2126,1,29,6,6.5,3.2,-0.021659327,1,13,0.857142857,0.857142857,0.642857143,1.714285714,8,15,23,1,13,13,29,29,0,1,0,0,0,0,0,20.22
2127,2,23,6.333333333,5,2.2,-0.995658804,2,14,1.928571429,0.142857143,0.928571429,0.142857143,8,15,23,0.333333333,13,17,14,14,0,1,0,0,0,0,0,115.00
3002,1,18,5,2,2,0.164956352,1,18,1.142857143,0.428571429,0.714285714,1,10,8,18,0,23,13,30,13,0,0,0,1,0,0,0,42.11
3003,1,25,6,4,4,0.019502525,1,18,1.071428571,0.428571429,0.714285714,1,9,12,21,0.333333333,8,11,22,14,0,0,0,1,0,0,0,54.40
3004,1,25,4.666666667,2,2.7,0.513334541,1,19,0.785714286,0.571428571,0.714285714,0.571428571,14,11,24,0.833333333,20,14,32,18,0,0,0,1,0,0,0,31.85
3010,1,25,3.666666667,3,2.8,-0.898802186,1,20,1.785714286,0.285714286,0.928571429,0.285714286,6,14,20,0.5,29,23,25,11,1,0,0,0,0,0,0,33.68
3011,1,25,5,3.5,1.4,0.4717621,1,20,1.857142857,0.714285714,0.928571429,1.142857143,9,12,20,0.5,24,21,26,14,1,0,0,0,0,0,0,46.63
3013,1,27,5.666666667,3,3.7,0.304221975,1,18,1.857142857,0.857142857,0.928571429,1.571428571,6,18,22,0.5,16,9,23,15,1,1,0,0,0,0,0,5.77
3014,1,21,6,1.5,3.5,1.226269754,1,18,1.285714286,0.428571429,0.857142857,1,9,11,20,0.666666667,15,11,30,15,1,0,0,0,0,0,0,23.87
3015,1,21,4.666666667,2,3.2,0.508851713,1,18,1.357142857,0.428571429,0.857142857,0.857142857,9,12,21,0.833333333,21,18,25,15,0,0,1,0,0,0,0,#N/A
3016,1,8,3.333333333,2,2.4,0.430093478,1,19,1.5,0.142857143,0.571428571,0.142857143,7,0,7,NA,NA,NA,NA,NA,NA,NA,NA,NA,NA,NA,NA,26.84
3017,1,34,6.333333333,3.5,4.3,1.311199019,1,18,1.142857143,0.571428571,0.642857143,1.285714286,12,15,26,1,17,12,25,20,0,1,0,0,0,0,0,52.17
3020,1,22,3.333333333,4.5,2,0.208749509,1,19,1.785714286,0.571428571,0.785714286,1.571428571,3,17,16,0.666666667,29,21,21,14,0,1,0,0,0,0,0,76.10
3022,1,21,5,3,3.3,-0.331166553,1,19,0.928571429,0.571428571,0.642857143,1,4,15,19,0.166666667,31,23,21,15,0,0,0,1,0,0,0,76.67
3023,1,24,4.666666667,1.5,3,-0.091451167,1,18,1.071428571,0.142857143,0.785714286,0.142857143,6,16,18,1,16,15,24,14,0,1,0,0,0,0,0,52.08
3024,1,32,5.333333333,4.5,2.3,-0.550832789,1,19,2.285714286,0.285714286,0.928571429,0.571428571,9,15,24,0.666666667,19,17,31,15,0,0,0,1,0,0,0,39.53
3025,1,34,6.666666667,4,3.7,0.821223831,1,19,2,0.571428571,0.857142857,1.428571429,12,21,26,0.5,10,3,27,26,1,0,0,0,0,0,0,39.28
3026,1,22,3.333333333,4,3.2,-0.700970686,1,18,1.357142857,0.285714286,0.785714286,0.428571429,4,13,17,1,11,11,37,21,0,0,0,1,0,0,0,29.58
3027,1,36,4.666666667,3.5,3.1,1.195953134,5,18,1.5,0.714285714,0.785714286,1.428571429,9,19,26,1,13,10,29,19,0,0,1,1,0,0,0,39.17
3028,1,17,4.666666667,2.5,3.1,-0.994238042,1,20,1.285714286,0.428571429,0.714285714,1.285714286,4,12,16,0.666666667,15,17,25,12,0,1,0,0,0,0,0,77.20
3030,2,23,5.666666667,2.5,3.5,0.305039519,2,20,1.214285714,1,0.928571429,1.285714286,9,14,18,0.833333333,18,14,16,15,0,1,0,0,0,0,0,27.00
3031,1,20,6.666666667,6.5,3.5,0.598451147,1,20,2.642857143,0.571428571,1,1.428571429,6,8,11,0.5,13,15,18,14,0,0,0,1,0,0,0,16.00
3032,1,23,5,4,3.4,0.478489923,1,19,1.785714286,0.428571429,1,0.857142857,10,7,17,1,19,19,18,14,0,0,0,1,0,0,0,43.59
3033,1,25,6,4,3.5,0.396623725,1,18,2.642857143,0.714285714,1,2,17,8,25,1,25,18,18,14,1,0,0,0,0,0,0,60.60
3034,1,26,4.666666667,3.5,2.5,0.478583919,1,19,0.857142857,0.857142857,0.5,1.428571429,8,15,22,1,14,16,26,17,0,0,0,1,0,0,0,15.68
3035,1,15,4.333333333,3,3,0.396717721,4,20,1.071428571,0.571428571,0.642857143,0.857142857,11,4,15,0.833333333,7,5,29,25,1,0,0,0,0,0,0,39.95
3036,1,40,5,5.5,3.3,0.263418987,1,19,1.857142857,0.857142857,0.928571429,2.428571429,17,17,34,0.833333333,19,21,29,15,0,1,0,0,0,0,0,26.88
3037,1,26,5.666666667,3.5,2.9,0.850194153,1,19,2,0.428571429,0.857142857,0.857142857,8,18,23,0.166666667,4,10,19,21,1,0,0,0,0,0,0,28.15
3038,1,29,6,3,3.2,1.420773658,1,19,1.714285714,0.571428571,0.928571429,1.285714286,9,20,23,0.5,6,9,24,27,1,0,0,0,0,0,0,15.28
3039,2,29,6,2,3,1.568077472,2,20,1.071428571,0.571428571,0.928571429,1,13,12,25,0.666666667,14,12,26,18,1,0,0,0,0,1,1,51.82
3040,1,36,5,6,4.5,-0.340266049,1,18,1.357142857,0.857142857,0.928571429,1.428571429,9,27,31,0.666666667,13,9,19,20,1,0,0,1,0,0,0,28.44
3041,2,15,3,1,2.7,0.305568518,2,20,1.928571429,0.857142857,0.928571429,1.571428571,7,7,14,0.5,15,12,28,21,1,0,0,0,0,0,0,92.75
3042,2,33,4.666666667,5.5,3.3,-0.390864069,2,20,1.428571429,0.428571429,0.714285714,1.285714286,6,16,18,0.666666667,16,15,29,14,0,0,1,0,1,0,0,22.23
3043,2,23,5.333333333,3.5,3.5,0.916433568,2,19,1.714285714,1,0.785714286,2.714285714,12,7,19,0.833333333,18,17,25,16,0,0,0,1,0,0,0,44.41
3044,2,24,5.666666667,4.5,2.9,-0.448650591,3,18,1.571428571,0.714285714,0.928571429,0.857142857,3,14,10,0.333333333,15,16,27,17,0,0,0,1,0,0,0,93.63
3045,2,12,5,2,3.6,-0.406693423,2,19,0.785714286,0.428571429,0.642857143,1.142857143,5,6,11,1,13,5,52,24,0,0,0,1,0,0,0,42.44
3046,2,23,5,3,3.3,0.641081586,2,19,1.428571429,0.714285714,1,1.428571429,12,9,21,0.5,23,12,23,16,1,0,0,0,0,0,0,120.40
3047,1,14,4,3,3.2,0.233455304,1,20,1.714285714,0.571428571,0.857142857,1,2,12,11,0.333333333,14,16,26,16,0,0,0,1,0,0,0,33.08
3048,1,16,6,3.5,2.8,0.2744589,1,19,2.285714286,0.714285714,0.928571429,1.714285714,12,7,15,0.666666667,12,16,31,16,1,0,0,0,0,0,0,47.17
3049,1,26,4.333333333,2.5,1.9,0.110679507,1,20,1.357142857,0.428571429,0.857142857,0.714285714,5,16,21,0.666666667,15,15,28,18,0,1,0,0,0,0,0,25.96
3050,1,25,5.666666667,6.5,2.7,0.347910413,1,18,2.214285714,0.714285714,0.928571429,1.857142857,13,11,23,0.833333333,25,14,25,14,0,0,1,0,0,0,0,34.00
3051,1,12,3,2,1.5,-0.298792475,1,19,1.285714286,0.571428571,0.928571429,1.428571429,7,5,12,0.5,19,17,24,17,0,0,0,1,0,0,0,63.58
3053,1,25,6.333333333,4.5,3.3,-0.406308697,1,20,1.142857143,0.285714286,0.714285714,0.285714286,9,16,25,0.5,13,12,29,17,1,0,0,0,0,0,0,24.76
3054,1,13,5,1.5,3.5,1.093872842,1,19,1.285714286,0.428571429,0.642857143,1.285714286,4,9,13,0.5,15,16,24,20,0,0,0,1,0,0,0,30.81
3055,1,13,4.333333333,2,2.1,1.195379661,1,20,1.428571429,0.857142857,1,1.428571429,6,3,9,0.833333333,17,15,21,14,1,0,1,0,0,0,0,77.00
3056,1,27,5.666666667,5.5,3,0.993690236,1,19,2.642857143,0.857142857,1,2.571428571,10,17,25,0.333333333,11,9,25,17,1,0,1,0,0,0,0,43.63
3057,1,28,5.333333333,3.5,2.1,0.725428739,1,19,1.642857143,0.285714286,0.857142857,0.857142857,15,13,28,0.166666667,14,18,35,11,1,0,0,0,0,0,0,25.07
3058,1,46,6.666666667,5.5,NA,1.391393905,4,19,1.285714286,0.857142857,0.928571429,1.428571429,14,28,34,0.5,23,10,25,21,0,1,0,0,0,0,0,25.88
3061,1,25,3.333333333,3,1.4,-0.410561532,1,18,1.5,0.142857143,0.785714286,0.142857143,8,10,16,0.5,17,21,24,16,0,0,0,1,0,0,0,92.00
3062,1,13,4.666666667,4.5,3.4,-0.389879352,1,18,1.642857143,0.428571429,1,0.428571429,4,5,9,0.5,17,12,23,18,1,0,0,0,0,0,0,51.00
3063,1,25,5,3,3.9,-0.405827788,1,18,1.642857143,0.285714286,0.857142857,0.857142857,3,15,17,0.666666667,15,17,22,14,0,1,0,0,0,0,0,79.50
3064,1,24,4.333333333,3,3.2,0.597078094,1,20,2.142857143,0.428571429,1,1,7,15,21,1,15,12,22,13,1,0,0,0,0,0,0,32.76
3065,1,17,4.333333333,2.5,2.7,-0.741004221,1,18,2.714285714,0.285714286,1,0.714285714,8,9,17,0.5,30,19,20,15,1,0,0,0,0,0,0,11.33
3066,2,16,4.333333333,2,2.9,0.84869723,2,21,1.785714286,0.857142857,0.785714286,1.857142857,6,9,14,0.666666667,16,12,26,18,1,0,0,0,0,0,0,37.95
3067,1,35,5.333333333,4,3.6,0.348727957,1,18,2.214285714,0.571428571,0.857142857,1,12,18,30,1,14,13,14,17,0,0,0,1,0,0,0,82.14
3068,1,19,4.666666667,5.5,3.1,1.032560558,1,20,2.071428571,0.714285714,1,1.857142857,8,11,15,0.833333333,10,14,22,17,0,0,0,1,0,0,0,27.65
3069,1,19,4.666666667,3,2.5,0.608370882,1,20,1.5,0.285714286,0.714285714,0.285714286,7,12,19,0.5,6,18,26,17,1,0,0,0,0,0,0,54.21
3070,2,21,4,5,2.7,0.921822845,2,18,1.714285714,0.571428571,0.857142857,1,6,14,17,0.833333333,13,8,18,21,0,0,1,0,0,0,0,69.00
3072,2,17,2.666666667,3.5,2,-0.983341739,2,19,1.071428571,0.285714286,0.714285714,0.428571429,0,15,15,0.166666667,18,18,24,13,0,1,0,0,0,0,0,56.58
3073,1,16,5.666666667,1.5,2.5,0.726198192,1,20,1.142857143,0.285714286,0.714285714,0.714285714,12,3,15,0.166666667,19,21,32,12,1,0,0,0,0,0,0,25.08
3074,2,13,4,1,2.3,-0.572935096,2,18,1.5,0.428571429,0.857142857,0.428571429,0,7,7,0.5,17,16,24,11,1,0,0,0,0,0,0,53.44
3075,1,13,5,2.5,2.8,-0.572887005,1,20,1.214285714,0,1,0,8,5,13,0.5,24,23,18,13,0,0,0,1,0,0,0,35.35
3076,1,17,4.666666667,2.5,2.3,-0.363293531,1,20,1.142857143,0.428571429,0.928571429,0.571428571,5,12,17,0.5,22,25,25,11,0,0,0,1,0,0,0,41.33
3077,2,27,5,4.5,2.3,-0.861116845,2,20,0.857142857,0,0.714285714,0,10,11,17,0,17,18,33,13,1,0,0,0,0,0,0,66.77
3078,2,17,5,2.5,2.7,0.030129249,2,19,1.285714286,0.714285714,0.785714286,1.285714286,0,13,12,0,20,16,26,13,1,0,0,0,0,0,0,51.13
3079,1,15,4.666666667,2.5,3.2,1.07893094,1,20,1.928571429,0.857142857,0.928571429,1.428571429,5,10,15,0.333333333,13,17,26,16,1,0,0,0,0,0,0,23.96
3080,1,17,4.666666667,2,3.4,-0.388993106,1,20,1.214285714,0.428571429,0.928571429,0.714285714,5,9,14,0.333333333,21,23,27,14,0,0,0,1,0,0,0,54.71
3081,1,22,4.666666667,3,3.2,1.039844973,1,19,1.214285714,0.571428571,0.642857143,1.142857143,13,9,22,0.666666667,21,15,25,15,1,0,0,0,0,0,0,21.32
3082,1,20,4.666666667,3.5,3.1,0.475176549,1,18,1.857142857,0.571428571,0.928571429,0.857142857,6,14,19,0.833333333,11,12,27,20,1,0,0,0,0,0,0,24.96
3083,1,21,5.333333333,2,2.8,0.45229674,1,20,1.5,0.428571429,0.714285714,0.857142857,11,7,18,0.5,15,15,29,16,1,0,0,0,0,0,0,40.42
3084,1,25,6,1,2.7,0.349545501,1,19,1,0.571428571,0.571428571,1.428571429,4,13,13,0.5,13,17,32,17,1,0,0,0,0,0,0,47.94
3085,1,20,5,2,3.1,0.961673038,1,19,1.928571429,0.714285714,0.928571429,1.857142857,11,9,20,0.5,20,12,18,16,0,0,1,0,0,0,0,32.71
3086,1,25,5,4,3,-0.674911887,1,20,2.142857143,0.571428571,0.928571429,0.857142857,13,5,17,0.5,21,17,24,10,0,0,0,1,0,0,0,40.38
3087,1,16,6,3.5,3.9,0.413300682,1,19,2.357142857,0.571428571,0.928571429,1.571428571,6,10,16,0.5,16,26,33,10,1,0,0,0,0,0,0,52.93
3088,1,14,3,3.5,2.7,0.922632026,1,20,2.785714286,0.571428571,1,1.142857143,6,7,13,0.5,10,6,23,21,1,0,0,0,0,0,0,66.25
3089,1,27,5.666666667,3,3.4,-0.027395736,1,18,1.642857143,0.571428571,0.857142857,1.428571429,7,13,19,0.666666667,20,13,30,14,0,1,0,0,0,0,0,31.83
3090,1,13,4.666666667,1,2.5,0.767911983,1,20,1.785714286,0.714285714,0.857142857,0.857142857,1,6,7,0.333333333,21,10,28,17,1,0,0,0,0,0,0,18.90
3091,2,32,6,3.5,3.7,0.60413259,2,20,1.714285714,0.857142857,0.928571429,2.142857143,14,14,23,0.333333333,14,8,19,22,1,0,0,0,0,0,0,23.09
3092,1,14,3.666666667,2,2.5,0.887175427,1,20,1.357142857,0.428571429,0.785714286,0.857142857,4,10,14,0.5,14,12,26,16,1,0,0,0,0,0,0,28.88
3093,2,20,5.333333333,3.5,2.8,0.194660608,2,19,1.5,0.857142857,0.785714286,1.857142857,6,12,17,0.5,14,16,20,15,0,1,0,0,0,0,0,143.00
3094,2,16,3.666666667,4.5,2.6,2.183974911,2,20,1.428571429,0.857142857,0.857142857,1.428571429,15,1,16,0.833333333,19,11,21,19,1,0,0,0,0,0,0,30.92
3095,1,15,4.666666667,4,2.9,1.608883706,1,20,2.428571429,0.714285714,0.928571429,1.857142857,7,8,15,0.5,27,16,24,14,1,0,0,1,0,0,0,54.79
3096,1,38,6.333333333,5,3,1.407963106,1,19,1.571428571,0.428571429,0.857142857,0.857142857,8,17,22,0.666666667,16,14,21,17,0,1,0,0,0,0,0,19.00
3097,1,22,5,4,4,0.609629607,1,19,1.5,0.571428571,0.857142857,1.714285714,6,15,21,0.833333333,15,5,20,23,1,0,0,0,0,0,0,83.11
3098,1,25,4.666666667,2,3.2,0.040962258,1,19,0.714285714,0.285714286,0.571428571,0.571428571,8,9,17,0.333333333,13,14,41,15,1,0,0,0,0,0,0,53.94
3099,2,24,4.666666667,2.5,3,1.568286771,2,19,1.785714286,0.714285714,0.785714286,1.857142857,11,6,17,0.166666667,25,19,30,18,1,0,0,0,0,0,1,30.54
3101,2,18,3.333333333,2.5,2.6,1.040744062,2,20,2.428571429,0.714285714,1,1.571428571,10,2,12,1,26,12,17,20,0,0,0,0,0,0,1,74.09
3102,2,24,5,3.5,2.4,0.768475957,2,20,1.785714286,0.571428571,1,1.285714286,9,11,20,0.833333333,27,19,29,15,1,0,0,0,0,0,0,62.33
3103,2,19,6.333333333,2,2.6,-0.278176925,2,19,1.142857143,0.285714286,0.714285714,0.571428571,4,15,16,1,23,12,15,24,0,0,1,0,0,0,0,101.00
3104,2,11,5,1.5,2.6,-0.236219757,2,20,1.285714286,0.571428571,0.785714286,0.857142857,7,4,11,0.333333333,17,15,24,15,1,0,0,0,0,0,0,20.10
3105,1,17,5.666666667,2,3.5,0.923396252,1,20,2.285714286,0.857142857,0.928571429,1.714285714,11,4,15,0.166666667,15,16,28,17,1,0,0,0,0,0,0,75.25
3106,1,15,3,3.5,2.6,-0.51643371,1,18,1.571428571,0.285714286,1,0.714285714,9,2,11,0.666666667,23,16,23,15,0,0,0,0,0,0,0,21.46
3107,1,33,4,4,3.8,0.218320391,1,20,1.785714286,0.428571429,0.857142857,1.142857143,11,17,21,0.5,12,7,22,22,1,0,0,0,0,0,0,92.57
3108,1,7,3.333333333,2.5,2.4,-0.445572778,1,20,1.714285714,0.285714286,0.714285714,0.714285714,6,1,7,0.833333333,22,20,23,15,1,0,0,0,0,0,0,48.47
3109,2,21,4.666666667,4.5,3.3,0.308838695,2,19,1.785714286,1,1,1.857142857,8,11,19,0.833333333,20,14,22,16,0,0,0,1,0,0,0,44.21
3110,1,26,4.333333333,3.5,3.2,0.482155756,1,20,1.357142857,0.857142857,0.857142857,2.285714286,15,3,18,0.666666667,22,17,24,17,0,0,0,1,0,0,0,35.27
3111,2,14,4.666666667,2,2.9,-0.864519273,2,18,1.071428571,0.285714286,0.928571429,0.571428571,7,4,11,0.833333333,16,14,25,15,1,0,0,0,0,0,0,32.16
3112,2,23,6,2,3.1,1.589700827,2,19,2.285714286,0.714285714,0.928571429,1.857142857,10,10,20,0.666666667,16,15,23,19,1,0,0,0,0,0,0,61.33
3113,1,14,6,2.5,2.3,-0.780604937,1,20,1.928571429,0.142857143,0.928571429,0.285714286,9,5,14,0.333333333,18,19,25,14,1,0,0,0,0,0,0,62.83
3115,1,19,5.666666667,3.5,2.4,-0.193781681,1,20,1.714285714,0.571428571,0.928571429,1.571428571,10,8,18,0.166666667,11,14,29,15,1,0,0,0,0,0,0,44.15
3116,1,22,5.333333333,2.5,3.1,0.400524547,1,20,2.357142857,0.428571429,1,0.857142857,10,11,20,0.833333333,21,18,26,12,1,0,0,0,0,0,0,47.39
3117,1,19,4.666666667,4.5,3.8,-0.773333587,1,19,1.428571429,0,0.714285714,0,2,15,17,0.166666667,10,9,40,19,0,1,1,0,1,0,0,66.25
3118,1,11,3,2,2.4,0.770271357,1,21,2.071428571,0.714285714,0.928571429,1.857142857,9,2,10,1,20,13,28,12,1,0,0,0,0,0,0,72.00
3119,1,26,5.666666667,4,4,-0.987769675,1,19,0.928571429,0.142857143,0.928571429,0.142857143,12,8,20,1,28,28,26,20,0,0,0,1,0,0,0,28.23
3120,1,19,4.666666667,4,2.1,1.073190801,1,19,2.285714286,0.857142857,0.928571429,1.571428571,12,2,14,0.833333333,16,11,18,22,1,0,0,0,0,0,0,25.46
3121,2,27,5.333333333,2.5,2.9,-0.211984883,2,18,1.714285714,0.571428571,0.857142857,1.571428571,10,9,18,1,11,17,22,18,0,0,0,1,0,0,0,36.71
3122,2,11,3.333333333,3,1.4,0.996594103,2,19,2.642857143,0.428571429,1,0.857142857,7,4,11,0.5,25,26,25,11,1,0,0,0,0,0,0,20.35
3123,1,22,4.333333333,4,3.9,1.394315945,1,19,1.5,1,0.857142857,1.571428571,8,10,18,1,11,13,23,18,1,0,1,0,0,0,0,30.48
3124,2,12,4.666666667,3,3.3,0.408088525,2,19,2,0.428571429,0.928571429,1.142857143,6,6,12,0.5,13,20,38,13,1,0,0,0,0,0,0,49.88
3125,2,21,3.666666667,3.5,2.2,0.767591837,2,19,2,0.714285714,0.857142857,2,9,9,18,1,20,17,16,14,0,1,0,0,0,0,1,9.23
3126,2,10,3.333333333,3.5,2.7,2.875545089,2,20,2.5,0.857142857,1,2.571428571,3,7,10,1,17,14,27,17,1,0,0,0,0,0,0,18.58
3127,1,13,4.333333333,2.5,2.5,0.885209374,1,19,0.857142857,0.428571429,0.642857143,0.714285714,6,7,6,0.333333333,26,23,24,15,0,0,1,0,0,0,0,43.13
3128,1,16,5.333333333,2,3.7,1.188569825,3,19,1.928571429,0.714285714,0.785714286,1.571428571,8,7,15,1,15,3,16,17,1,0,0,0,0,0,0,25.39
3129,1,38,5.666666667,2.5,3.4,0.93357129,1,19,2.285714286,0.857142857,0.928571429,2.142857143,16,21,36,1,19,12,19,16,0,1,0,0,0,0,0,21.15
3130,1,18,4.333333333,2.5,1.7,0.100303218,1,20,0.928571429,0.142857143,0.785714286,0.285714286,10,8,16,0.333333333,32,28,17,8,1,0,0,0,0,0,0,38.83
3131,1,27,6.666666667,4,3.6,1.198796201,1,19,2.071428571,0.571428571,1,1.142857143,7,16,17,0.833333333,17,13,18,17,1,0,0,0,0,0,0,50.47
3132,2,22,5.333333333,3,3.5,2.108962141,2,19,2.785714286,1,1,2.857142857,13,9,22,1,14,5,16,24,1,0,0,1,0,0,0,50.17
3133,1,11,5,3,3.6,1.003006729,3,18,2,0.857142857,1,1.285714286,8,3,11,1,16,15,26,21,1,0,0,0,0,0,0,48.28
3134,1,29,7.333333333,4,3.7,0.219534162,1,20,1.428571429,0.571428571,1,0.857142857,12,13,24,0.833333333,16,16,20,23,0,0,0,1,0,0,0,70.09
3135,2,24,5.333333333,3,3.6,1.551558903,2,19,2.071428571,0.714285714,1,2,12,12,23,0.5,20,15,32,18,1,0,0,0,0,0,0,21.76
3136,2,28,6.666666667,3,4,1.394900353,2,18,2.285714286,1,0.928571429,2.285714286,15,13,28,0.666666667,13,8,20,19,1,0,0,0,0,0,0,29.42
3137,2,27,6,4,3,1.764101009,2,20,2.642857143,1,1,3,13,13,25,0.666666667,11,10,25,20,1,0,0,0,0,0,0,33.67
3138,2,28,3.666666667,2,2,0.073905718,2,20,0.642857143,0.571428571,0.5,0.714285714,4,20,22,0.5,11,18,40,19,1,1,0,0,0,0,0,76.27
3140,2,30,5.666666667,1.5,2.5,2.109314125,2,19,1.285714286,0.857142857,0.642857143,2.571428571,10,14,23,0.833333333,18,12,22,19,1,0,0,0,0,0,0,0.00
3141,2,28,5,2,3.8,-1.030712855,2,18,0.928571429,0.428571429,0.857142857,0.571428571,10,12,16,0.333333333,9,14,25,15,1,0,1,0,0,0,0,59.36
3142,2,20,5.333333333,2,3.1,0.100880308,2,19,2.428571429,0.285714286,1,0.714285714,8,12,20,0.333333333,26,22,29,13,1,0,0,0,0,0,0,63.92
3143,2,21,4,4,3.5,1.764364997,2,19,2,0.714285714,1,2,8,12,20,1,22,11,16,14,1,0,0,0,0,0,0,71.50
3144,2,18,5.666666667,2.5,3.4,1.380985527,2,19,2.142857143,0.571428571,1,1.428571429,9,8,17,0.833333333,13,18,23,17,1,0,0,0,0,0,0,61.33
3145,2,38,4.666666667,1.5,3.3,1.22101944,2,18,1.714285714,0.857142857,1,2.428571429,8,23,25,1,19,8,15,22,0,0,1,0,0,0,0,36.83
3146,2,28,5,4,3.4,1.189361789,2,20,2.071428571,0.714285714,1,1.428571429,6,17,17,1,5,7,27,23,0,0,0,0,0,0,0,54.07
3147,2,33,5.666666667,4.5,3.3,0.729634263,2,20,1,0.714285714,0.571428571,1.571428571,8,16,17,0,4,9,35,18,1,0,0,0,0,0,0,44.12
3148,2,20,4,3,2.7,-0.862739912,2,18,1.571428571,0.714285714,0.928571429,1.714285714,6,12,17,0.666666667,12,18,22,16,0,0,0,1,0,0,0,51.27
3149,2,17,3.333333333,1.5,2.1,0.729983877,2,18,1.214285714,0.571428571,0.857142857,1.428571429,6,10,16,0.666666667,20,17,29,15,1,0,0,0,0,0,0,31.50
3150,2,10,6,3.5,3.2,-0.007443503,2,19,1.785714286,0.714285714,0.785714286,1.428571429,7,3,10,1,12,10,14,31,0,0,1,0,0,0,0,34.76
3151,2,14,4.333333333,1,2.8,0.688865657,2,19,0.642857143,0.714285714,0.642857143,0.714285714,0,6,6,0.666666667,26,8,20,20,1,0,0,0,0,0,0,25.11
3152,2,25,6.333333333,6.5,3.6,2.454923222,2,19,1.571428571,1,0.857142857,2.285714286,6,14,20,0.833333333,14,4,21,27,1,1,0,0,0,0,0,38.20
3153,2,30,5.333333333,5,3.2,1.490675355,3,19,1.928571429,0.857142857,0.928571429,2,8,17,24,0.333333333,13,12,29,21,0,0,1,0,0,0,0,77.73
3154,2,42,5.666666667,5.5,2.3,0.269093705,2,18,1.571428571,0.857142857,0.857142857,1.857142857,9,24,30,0.833333333,16,10,17,20,0,1,0,0,0,0,0,145.00
3155,2,33,5,5,3,1.043171604,2,18,1.285714286,0.714285714,1,0.857142857,11,16,26,0.833333333,10,7,18,26,0,1,1,0,1,0,0,90.88
3156,2,21,6.333333333,4.5,3.8,0.852927037,2,18,2.357142857,0.714285714,1,1.857142857,9,11,19,1,9,6,18,29,0,1,0,0,0,0,0,43.00
3157,2,27,5.666666667,6,3.3,1.458242195,2,18,1.5,1,0.857142857,1.714285714,14,11,24,0.666666667,16,16,19,14,1,0,0,0,0,0,0,41.63
3158,2,13,4,1,2.7,-0.90416808,2,18,2,0.428571429,1,1.285714286,2,4,5,0.666666667,19,21,20,16,0,0,0,1,0,0,0,59.13