pid_assignment,pnrt_audition,pnrt_newclub,pnrt_phone,pnrt_truth,pnrt_food,pnrt_cheat,pnrt_leader,pnrt_skip,pnrt_like,pnrt_challenge,pnrt_personal,pnrt_newlook,pnrt_snuckout,pnrt_newsocial,pnrt_secret,pnrt_sexy,pnrt_beliefs,pnrt_friend,pnrt_sport,pnrt_mph,pnrt_newpeople,pnrt_auditionfreq,pnrt_newclubfreq,pnrt_phonefreq,pnrt_truthfreq,pnrt_foodfreq,pnrt_cheatfreq,pnrt_leaderfreq,pnrt_skipfreq,pnrt_likefreq,pnrt_challengefreq,pnrt_personalfreq,pnrt_newlookfreq,pnrt_snuckoutfreq,pnrt_newsocialfreq,pnrt_secretfreq,pnrt_sexyfreq,pnrt_beliefsfreq,pnrt_friendfreq,pnrt_sportfreq,pnrt_mphfreq,pnrt_newpeoplefreq,pnrt_complete
2002.1,0,1,1,1,1,0,1,1,1,1,0,1,0,1,1,0,1,1,1,1,1,,1,3,2,3,,3,1,2,1,,1,,1,1,,3,2,1,3,1,2
2005.1,1,1,1,1,1,0,1,0,1,0,1,1,0,1,1,0,1,1,1,0,1,1,1,1,3,3,,3,,1,,1,1,,1,3,,3,2,2,,2,2
2001.1,1,1,1,1,1,1,1,0,1,1,1,1,0,1,1,0,1,1,1,1,1,1,1,1,3,3,3,3,,1,1,2,2,,1,1,,2,1,2,1,2,2
2004.1,1,0,0,1,1,0,0,1,1,1,0,1,1,0,1,0,1,1,0,0,1,2,,,2,1,,,1,1,2,,1,1,,1,,2,1,,,1,2
2003.1,1,1,0,1,1,0,1,0,1,0,0,0,0,1,1,0,1,1,0,0,0,2,1,,3,3,,2,,1,,,,,2,1,,3,2,,,,2
3001.1,1,1,0,1,1,1,1,0,0,1,0,1,0,1,1,1,1,0,1,0,1,1,1,,2,2,2,2,,,1,,2,,1,3,3,2,1,1,,3,2
3002.1,1,0,1,0,1,0,1,0,1,1,0,1,1,0,1,1,1,0,1,0,1,1,,2,,3,,2,,1,1,,2,3,,2,2,1,1,1,,1,2
3006.1,1,1,1,1,1,1,1,0,0,0,0,0,0,0,1,1,1,1,1,0,1,1,1,2,1,3,3,1,,,,,,,,2,2,2,1,2,,3,2
3004.1,0,1,0,1,1,1,0,1,0,1,1,0,0,1,1,0,1,1,1,1,1,,1,,1,1,1,,1,,1,1,,,1,2,,1,1,1,1,1,2
3005.1,0,1,1,1,1,1,1,1,0,1,0,1,1,1,1,0,1,1,1,1,1,,1,1,1,1,2,1,3,,1,,1,1,2,2,,2,2,1,2,2,2
1001.1,1,0,1,1,1,1,1,0,1,0,1,1,0,1,1,0,1,1,1,1,1,2,,3,2,1,3,3,,2,,3,3,,2,2,,2,1,1,2,2,2
1002.1,1,1,0,0,1,0,1,0,0,1,0,0,0,0,0,0,1,1,1,0,1,1,1,,,2,,1,,,1,,,,,,,1,1,1,,1,2
2006.1,1,1,0,1,1,0,1,0,0,1,0,1,0,0,1,0,1,1,1,0,1,1,1,,2,3,,2,,,1,,1,,,2,,3,1,1,,2,2
1005.1,0,1,0,1,1,0,0,0,1,1,0,1,0,0,0,0,1,0,0,0,1,,1,,1,2,,,,1,1,,1,,,,,1,1,,,1,2
1006.1,0,1,0,0,1,0,0,0,1,1,0,1,0,1,0,0,1,1,1,0,1,,1,,,1,,,,2,1,,1,,2,,,3,2,1,,2,2
1018.1,0,0,0,1,1,0,1,0,0,0,0,0,0,1,1,,1,1,0,1,1,,,,1,2,,1,,,,,,,2,1,,1,2,,2,1,2
1011.1,0,1,0,1,1,0,1,0,0,1,0,1,0,1,1,0,1,0,1,1,1,,1,,1,3,,1,,,1,,1,,1,1,,2,3,1,1,1,2
3007.1,1,1,1,0,1,1,0,0,0,1,0,1,0,1,1,0,1,1,0,1,1,1,1,1,,1,1,,,,1,,1,,2,3,,1,1,,1,2,2
1009.1,1,0,1,1,1,1,1,0,0,1,0,0,0,0,0,0,0,1,0,1,1,1,,2,3,3,1,2,,,1,,,,,,,,,,1,2,2
1017.1,1,0,1,1,1,0,0,1,0,0,0,0,1,1,1,,1,1,0,0,0,1,,1,2,1,,,1,,,,,1,1,1,,1,1,,,,2
1003.1,0,1,0,1,1,0,1,0,1,1,0,0,0,0,1,0,1,1,1,1,1,,1,,1,2,,1,,1,1,,,,,1,,1,1,1,1,1,2
2007.1,1,1,0,1,1,1,1,1,1,1,0,1,0,0,0,1,1,1,1,1,1,1,1,,2,2,1,2,3,1,2,,1,,,,2,3,1,2,2,1,2
2008.1,1,1,0,1,1,1,1,0,0,1,0,0,0,0,1,0,1,1,1,1,1,1,2,,3,2,1,1,,,1,,,,,2,,3,1,1,1,1,2
1007.1,1,1,0,0,1,0,0,0,0,1,0,0,0,1,0,0,1,1,1,0,0,1,1,,,2,,,,,1,,,,1,,,1,2,1,,,2
1014.1,1,1,1,1,1,0,0,0,0,1,0,0,1,1,1,0,1,0,1,0,0,1,1,1,3,2,,,,,2,,,1,3,3,,2,1,2,,,2
1008.1,0,0,0,1,1,0,1,0,1,0,0,0,0,1,1,0,1,1,1,1,1,,,,1,2,,1,,2,,,,,2,2,,2,1,2,1,2,2
1010.1,1,1,0,1,1,0,1,0,0,1,0,0,1,1,0,0,1,1,1,0,0,1,1,,1,2,,3,,,1,,,1,1,,,3,3,1,,,2
3003.1,1,1,0,0,1,1,0,1,0,1,0,1,0,1,1,1,1,0,1,0,1,1,1,,,2,3,,1,,1,,2,,1,3,3,1,1,1,,1,2
3008.1,1,1,0,1,1,1,1,1,0,1,1,1,1,1,0,1,1,1,0,0,1,1,1,,2,2,3,2,3,,2,3,3,3,2,,3,2,3,,,3,2
1004.1,1,1,0,1,1,1,1,0,1,1,1,1,0,1,1,0,1,1,1,1,1,3,2,,3,3,3,3,,3,2,1,2,,1,1,,1,1,1,1,2,2
1015.1,0,1,0,1,1,0,1,0,1,1,0,0,0,1,0,0,1,1,1,0,1,,2,,3,2,,1,,1,1,,,,1,,,2,1,2,,2,2
1013.1,0,1,1,1,1,0,0,1,1,1,0,1,1,0,1,0,1,1,0,0,1,,2,1,3,2,,,1,1,1,,1,1,,1,,2,1,,,1,2
3009.1,1,1,0,1,1,1,1,1,1,1,1,1,0,1,1,1,1,1,0,0,1,3,1,,3,3,2,2,2,1,1,3,3,,3,3,3,3,3,,,3,2
1012.1,0,1,1,1,1,0,1,0,0,1,0,1,0,0,1,0,1,1,1,0,1,,1,1,1,2,,2,,,1,,1,,,2,,2,1,1,,2,2
2009.1,0,1,0,0,1,0,1,0,0,0,0,0,0,0,1,0,1,1,0,0,1,,1,,,1,,1,,,,,,,,1,,1,1,,,1,2
3010.1,1,1,1,1,1,0,1,0,0,1,1,1,0,1,1,0,1,1,1,0,1,1,2,1,1,2,,2,,,2,1,1,,3,2,,1,2,3,,3,2
1016.1,1,1,0,1,1,0,1,0,0,1,0,1,1,1,1,0,1,1,1,0,1,1,1,,3,3,,1,,,1,,2,1,2,2,,3,1,1,,1,2
3017.1,1,1,1,1,1,1,0,0,0,1,0,0,1,0,1,1,1,1,0,0,1,1,2,2,2,2,1,,,,1,,,3,,2,3,2,2,,,2,2
3014.1,1,1,1,1,1,0,1,0,0,1,0,1,0,1,1,1,1,1,0,1,1,1,1,3,2,3,,1,,,1,,1,,1,3,2,2,1,,2,1,2
3011.1,1,1,1,1,1,1,0,1,1,1,0,1,1,1,1,0,1,1,1,1,1,1,2,3,2,3,2,,1,1,3,,1,1,3,2,,2,2,1,1,3,2
3012.1,1,1,1,1,1,1,1,1,1,1,1,1,1,1,1,0,1,1,1,1,1,1,2,3,3,3,2,2,1,1,1,3,2,2,3,3,,2,2,2,3,3,2
3013.1,0,1,1,1,1,1,1,1,1,1,1,1,1,1,1,0,1,1,1,1,1,,2,3,3,1,1,2,2,1,1,1,3,1,3,3,,3,1,1,3,2,2
3016.1,0,0,0,1,1,0,1,0,0,1,0,0,0,0,1,1,1,1,0,0,1,,,,3,3,,2,,,3,,,,,2,1,3,3,,,2,2
3018.1,1,1,0,1,1,1,1,1,0,1,0,1,0,1,1,1,1,0,1,1,1,1,2,,3,3,3,3,3,,2,,3,,3,3,3,2,1,3,3,2,2
3020.1,1,1,1,1,1,1,1,1,0,0,0,0,1,1,1,0,1,1,1,0,1,2,2,3,3,3,3,1,3,,,,,2,2,3,,3,2,2,,2,2
3022.1,0,1,1,1,1,1,1,1,0,1,0,1,0,0,0,0,1,0,1,1,1,,1,3,1,3,1,1,1,,1,,2,,,,,1,1,1,2,1,2
3015.1,1,1,0,1,1,0,1,0,0,1,1,1,0,1,1,1,1,0,1,1,1,1,2,,3,1,,1,,,1,2,2,,1,2,2,2,1,1,2,1,2
3043.1,1,1,1,1,1,1,1,1,0,0,1,1,1,1,1,1,1,1,0,1,1,3,1,3,3,2,3,2,2,,,3,2,2,2,3,3,3,1,,3,2,2
3021.1,1,1,1,1,0,1,1,1,1,0,1,1,1,1,1,1,1,1,1,0,1,1,1,3,2,,2,2,3,2,,3,3,3,3,3,3,3,2,2,,2,2
3019.1,0,1,0,1,1,1,1,0,0,1,1,1,0,0,1,0,1,1,1,0,1,,1,,1,1,1,1,,,1,2,2,,,1,,1,1,1,,1,2
3055.1,1,1,1,1,1,1,1,1,1,1,0,1,1,1,1,1,1,1,1,1,1,1,1,2,2,2,2,2,2,1,1,,1,1,2,2,1,1,1,1,2,2,2
3044.1,0,1,0,1,1,1,1,1,1,1,1,1,1,1,1,1,1,1,1,0,1,,2,,3,2,1,2,1,1,1,1,2,1,1,1,2,2,2,1,,2,2
3041.1,1,1,1,1,1,1,1,1,1,0,0,1,1,1,1,1,1,1,1,1,1,1,2,1,3,3,3,2,3,1,,,1,1,1,3,1,3,3,2,2,2,2
3039.1,1,1,1,1,1,1,1,0,0,1,0,1,0,1,1,1,1,1,1,1,1,1,1,3,1,1,2,1,,,1,,1,,1,1,1,2,1,1,1,2,2
3050.1,1,1,1,1,1,1,1,1,0,1,0,1,1,1,1,0,1,1,1,1,1,2,2,3,3,3,3,3,1,,2,,2,3,1,2,,3,3,2,3,3,2
3030.1,1,1,1,1,1,1,1,1,1,0,1,1,1,1,1,1,1,1,1,1,1,1,1,1,3,1,2,1,2,1,,1,1,1,1,2,1,1,2,1,1,1,2
3023.1,1,1,0,1,1,1,1,0,0,1,0,0,0,1,1,0,1,1,0,0,1,1,1,,2,2,1,1,,,2,,,,2,1,,1,1,,,1,2
3045.1,0,1,1,0,0,0,0,1,1,1,0,1,0,1,1,0,0,1,1,1,1,,1,3,,,,,2,1,2,,2,,1,2,,,,1,3,1,2
3032.1,1,1,0,1,1,1,1,0,1,1,1,1,0,1,1,1,1,1,1,0,1,1,1,,1,3,3,2,,1,1,1,3,,3,1,2,2,2,1,,3,2
3054.1,0,1,0,1,1,1,1,1,0,0,0,0,1,1,1,0,1,1,0,0,1,,1,,3,2,3,2,3,,,,,3,3,1,,2,1,,,3,2
3059.1,1,1,0,1,1,1,1,1,1,1,1,1,1,1,1,1,1,1,0,0,1,1,1,,3,1,2,2,2,1,1,1,1,2,1,1,1,3,2,,,1,2
3061.1,0,1,0,1,1,0,0,1,1,1,0,1,0,0,1,0,1,1,1,0,1,,1,,1,3,,,1,1,2,,3,,,2,,3,2,1,,2,2
3053.1,1,1,0,1,1,1,1,0,0,0,0,0,0,0,1,0,1,1,1,1,1,1,1,,3,2,1,2,,,,,,,,2,,2,1,1,1,1,2
3037.1,1,1,0,1,1,0,1,1,1,0,1,1,0,1,1,1,1,1,0,0,1,3,1,,2,3,,3,1,2,,2,1,,3,3,3,3,1,,,3,2
3046.1,1,1,1,1,1,1,1,1,1,1,0,1,0,1,1,1,1,1,1,1,1,2,1,3,2,1,1,1,1,1,1,,1,,1,3,3,2,2,1,2,1,2
3058.1,1,0,1,1,1,1,1,1,1,1,0,1,1,1,1,1,1,1,1,1,1,1,,1,3,1,1,1,2,1,1,,1,2,1,1,3,2,1,2,1,2,2
3034.1,1,0,0,0,0,1,1,1,0,0,1,1,1,0,1,1,1,1,0,1,1,1,,,,,3,3,2,,,1,1,2,,3,1,2,1,,1,1,2
3062.1,1,1,0,1,1,1,1,0,1,1,0,1,0,1,1,1,1,1,1,1,1,1,1,,3,1,1,1,,1,1,,1,,1,3,1,3,2,1,1,3,2
3052.1,1,1,0,1,1,1,1,0,1,1,1,1,0,1,1,0,1,1,1,1,1,1,2,,3,3,1,3,,1,1,3,3,,1,3,,3,1,1,2,3,2
3031.1,1,1,0,1,1,1,1,1,1,1,1,1,0,1,1,1,1,1,1,0,1,1,2,,3,3,2,3,3,2,3,3,3,,3,3,2,3,3,2,,3,2
3038.1,1,1,1,1,1,1,1,1,0,1,0,1,0,1,1,0,1,1,1,1,1,1,1,3,2,3,2,2,1,,2,,2,,2,2,,3,1,1,3,2,2
1021.1,0,1,1,0,1,0,0,0,0,1,0,0,0,1,0,,0,0,1,1,1,,1,1,,2,,,,,2,,,,1,,,,,2,1,1,2
3036.1,1,1,1,1,1,1,1,1,1,1,1,1,0,1,1,1,1,1,0,1,1,1,1,3,3,3,3,1,3,1,1,2,3,,2,3,3,3,2,,3,2,2
3029.1,1,1,1,1,1,1,1,1,1,1,1,1,1,1,1,1,1,1,1,1,1,1,2,2,3,3,2,1,2,3,3,3,3,2,2,3,2,3,3,1,2,3,2
3048.1,1,1,1,1,1,1,1,1,0,1,0,1,0,1,1,1,1,1,1,1,1,1,2,3,3,3,3,2,3,,2,,3,,3,3,1,3,2,2,2,3,2
3024.1,1,1,0,1,1,1,1,0,0,1,0,1,0,1,1,0,1,1,1,1,1,1,2,,3,3,3,3,,,3,,3,,3,2,,3,3,1,1,2,2
3026.1,1,1,0,1,1,0,1,0,0,1,0,1,1,0,0,0,1,1,1,1,1,2,2,,2,1,,2,,,2,,1,1,,,,1,2,2,2,2,2
3028.1,0,1,0,1,1,1,0,1,0,1,0,1,0,1,1,1,1,0,1,0,1,,1,,3,3,3,,3,,1,,1,,1,2,3,1,1,2,,2,2
3027.1,1,0,1,1,1,1,1,1,1,0,0,1,1,0,1,1,1,1,1,0,1,2,,1,3,3,2,2,3,2,,,1,1,,3,3,2,1,1,,1,2
3025.1,1,1,1,1,1,1,1,1,0,1,0,1,0,1,1,0,1,1,0,1,1,1,2,1,3,3,3,2,3,,2,,3,,2,3,,3,2,,3,2,2
3049.1,1,1,0,1,1,1,1,1,1,1,0,1,0,1,1,0,1,1,0,1,0,1,1,,3,2,1,1,3,1,1,,2,,1,2,,3,1,,1,,2
3033.1,1,1,1,1,1,1,1,1,1,1,1,1,0,1,1,0,1,1,1,1,1,1,2,3,3,3,3,3,2,2,3,3,3,,3,3,,3,3,2,3,3,2
3040.1,1,0,0,1,1,1,1,1,1,1,1,1,1,1,1,1,1,1,1,1,1,1,,,1,1,3,2,3,3,1,1,2,1,1,2,1,2,1,1,1,1,2
3035.1,1,1,0,1,1,1,0,1,1,0,0,1,1,1,0,0,1,1,0,1,0,1,1,,3,3,2,,1,1,,,1,2,2,,,2,1,,1,,2
3057.1,1,1,0,1,1,1,1,0,1,0,0,0,0,1,1,0,1,1,1,1,1,1,1,,3,3,3,3,,1,,,,,1,2,,3,2,1,3,2,2
3056.1,1,1,1,1,1,1,1,1,1,1,1,1,0,1,1,1,1,1,1,1,1,2,1,3,3,3,3,3,3,3,3,3,3,,3,3,3,3,2,2,3,3,2
1019.1,1,1,0,1,1,0,1,0,0,1,0,0,0,1,1,,1,1,0,0,0,1,2,,2,3,,3,,,1,,,,2,3,,3,1,,,,2
1020.1,0,0,0,1,1,0,0,0,1,0,0,0,0,0,0,,0,1,0,0,1,,,,1,1,,,,1,,,,,,,,,,,,1,2
3064.1,1,1,0,1,1,1,1,1,1,1,0,1,0,1,1,0,1,1,1,1,1,1,2,,3,3,3,2,3,2,1,,3,,2,3,,2,2,1,1,3,2
3042.1,1,0,0,0,1,0,1,1,0,1,0,1,0,1,1,1,1,0,1,1,1,2,,,,2,,1,3,,3,,2,,1,2,3,2,1,2,3,2,2
3047.1,1,1,1,0,1,0,1,1,1,1,1,1,0,1,1,0,0,1,1,1,1,1,2,2,,3,,1,1,2,3,1,2,,2,3,,,,2,3,3,2
3051.1,1,1,1,1,1,1,1,1,0,1,0,1,0,1,1,0,1,1,1,1,1,1,2,3,2,1,2,1,2,,2,,1,,2,2,,1,1,1,3,1,2
3114.1,1,1,0,1,1,1,1,1,0,1,0,1,0,1,1,1,1,1,1,1,1,2,1,,1,3,3,1,3,,2,,2,,2,3,1,3,1,3,3,3,2
3063.1,1,1,0,1,1,1,1,1,0,1,0,1,0,1,1,0,1,1,0,0,1,1,2,,2,2,3,2,3,,1,,1,,3,2,,3,1,,,3,2
3065.1,1,1,0,1,1,1,1,0,1,1,0,1,1,1,1,0,1,1,1,0,1,3,3,,3,3,2,2,,1,3,,3,3,3,3,,3,3,3,,2,2
3074.1,0,1,0,1,1,0,1,1,0,1,0,1,1,1,1,0,1,1,1,1,1,,2,,2,3,,3,1,,2,,1,1,1,1,,2,1,1,1,2,2
3068.1,1,1,1,1,1,1,1,1,1,1,1,1,0,1,1,0,1,1,1,1,1,1,2,3,2,3,3,2,2,1,2,2,3,,3,2,,2,2,2,3,2,2
3067.1,1,0,0,1,1,0,1,1,1,1,0,0,1,1,1,1,1,1,1,1,1,3,,,3,2,,2,2,1,3,,,3,3,3,1,3,2,3,1,3,2
3066.1,0,1,1,1,1,1,1,1,1,1,1,0,0,1,1,1,1,0,1,1,1,,1,3,3,3,3,2,2,1,2,2,,,2,2,1,3,1,3,2,2,2
2010.1,1,1,1,1,1,1,1,0,1,1,0,1,0,1,1,1,1,1,1,0,1,3,2,1,1,3,1,2,,1,3,,3,,2,1,3,3,2,3,,2,2
3060.1,0,1,1,1,1,1,1,1,1,1,0,1,1,1,1,1,1,1,1,1,1,,1,3,2,3,2,1,3,2,2,,1,3,2,3,3,2,1,1,2,2,2
3071.1,1,1,1,1,1,1,1,1,1,1,1,1,1,1,1,1,1,1,1,1,1,1,1,3,3,3,3,3,3,1,3,3,3,2,1,3,3,3,2,2,1,2,2
3095.1,1,1,1,1,1,1,1,1,0,1,0,1,0,1,1,1,1,1,1,1,1,2,2,2,3,3,3,3,2,,2,,3,,3,3,3,3,2,2,3,3,2
3078.1,1,1,1,1,1,1,1,1,0,1,0,1,0,0,1,1,1,1,0,1,1,2,1,2,2,2,2,2,1,,1,,1,,,2,1,2,2,,3,1,2
3088.1,1,1,0,1,1,1,1,1,1,1,0,1,1,1,1,1,1,1,1,0,1,3,3,,3,3,3,1,2,2,3,,3,1,3,3,2,3,3,3,,3,2
3079.1,1,1,1,1,1,1,1,1,1,1,1,1,0,1,1,1,1,1,0,1,1,1,1,1,2,2,1,1,1,1,3,3,3,,2,3,2,2,3,,2,3,2
3111.1,0,1,0,1,1,0,1,0,1,1,0,1,0,1,1,1,1,1,1,1,1,,1,,2,1,,1,,1,1,,2,,1,1,1,1,1,1,3,1,2
3075.1,1,1,0,1,1,0,1,0,1,1,0,1,0,1,1,0,1,1,1,0,1,1,1,,2,1,,1,,1,1,,1,,1,2,,2,1,1,,1,2
3080.1,1,1,0,1,1,1,1,0,0,1,1,1,0,1,1,0,1,1,1,1,1,1,1,,2,2,1,1,,,2,3,1,,1,2,,1,1,1,1,1,2
3082.1,1,1,0,1,1,1,1,1,0,1,1,1,0,1,1,0,1,1,1,1,1,1,2,,3,3,1,1,1,,2,1,2,,2,3,,2,2,1,3,2,2
3083.1,1,1,1,1,1,1,0,0,0,0,0,0,0,1,1,0,1,1,1,1,1,2,3,3,2,3,1,,,,,,,,2,2,,2,1,2,2,2,2
3087.1,1,1,1,1,1,1,1,1,0,1,0,1,0,1,1,0,1,1,1,1,1,3,3,2,3,3,3,2,3,,2,,3,,1,2,,3,2,3,3,3,2
3081.1,1,1,1,1,1,1,0,1,0,0,0,1,0,0,1,1,1,1,0,0,1,3,1,2,2,2,2,,2,,,,1,,,3,2,3,1,,,1,2
3089.1,1,1,0,1,1,1,1,1,0,1,0,1,1,0,1,0,1,1,1,1,1,1,1,,3,3,3,3,3,,2,,2,1,,2,,3,1,1,3,1,2
3084.1,1,1,1,1,1,1,1,0,0,0,0,1,0,1,0,1,0,0,0,1,1,1,2,2,1,2,3,2,,,,,1,,3,,3,,,,2,2,2
3097.1,0,0,1,1,1,0,1,1,1,1,1,1,0,1,1,0,1,1,1,1,1,,,3,2,3,,1,3,1,2,3,1,,1,3,,3,1,1,3,2,2
3073.1,0,1,0,1,1,1,0,1,0,1,0,1,0,1,1,0,1,0,1,0,1,,2,,1,1,2,,3,,1,,2,,2,1,,1,1,1,,3,2
3085.1,1,1,1,1,1,1,1,1,1,1,0,1,0,0,1,1,1,1,1,1,1,1,3,3,2,2,1,2,3,1,2,,3,,,3,3,3,1,2,3,2,2
3090.1,1,1,1,1,1,0,1,1,1,0,0,1,1,1,1,1,1,1,1,1,0,2,1,2,3,2,,1,1,1,,,3,1,1,3,1,3,2,3,1,,2
3076.1,1,1,0,1,1,1,1,1,0,1,0,1,0,1,1,0,1,1,1,1,1,1,2,,1,1,1,2,1,,1,,1,,1,1,,1,1,1,2,2,2
3069.1,1,1,1,1,1,0,1,1,0,0,0,0,0,0,1,0,1,1,1,0,1,3,2,1,3,3,,1,1,,,,,,,3,,3,1,1,,1,2
3096.1,1,1,0,1,1,1,0,1,1,1,0,1,0,1,1,1,1,0,1,0,1,1,1,,2,1,2,,2,1,3,,3,,2,1,2,2,1,1,,3,2
3110.1,0,1,0,1,1,1,1,1,0,1,1,1,1,1,1,1,1,1,1,1,1,,1,,1,3,3,2,3,,2,3,3,2,1,1,3,2,1,1,2,1,2
3115.1,1,1,1,1,1,1,1,0,0,1,1,1,0,1,1,0,1,1,1,1,1,2,1,3,1,2,3,3,,,1,3,3,,3,3,,1,1,2,2,1,2
1022.1,1,0,0,1,1,0,0,1,1,0,0,1,0,0,0,,0,1,1,0,1,1,,,2,2,,,1,1,,,2,,,,,,,1,,1,2
1023.1,1,1,0,1,1,0,1,0,1,1,0,1,1,0,0,,1,1,1,1,1,1,1,,3,2,,2,,1,2,,3,1,,,,3,3,1,3,1,2
1024.1,0,1,0,0,1,0,1,0,1,0,0,0,0,0,0,,1,1,1,1,0,,1,,,1,,2,,1,,,,,,,,1,3,2,3,,2
1025.1,0,1,0,0,1,0,1,0,0,0,0,1,0,0,0,,1,0,1,0,0,,1,,,2,,1,,,,,1,,,,,1,1,1,,,2
1026.1,0,0,0,1,1,1,0,0,0,0,0,0,0,0,1,,1,1,1,1,1,,,,3,3,3,,,,,,,,,3,,3,3,3,3,3,2
3093.1,1,1,1,1,1,1,1,1,0,1,0,0,1,1,1,1,1,1,0,1,1,2,1,2,2,3,3,3,2,,1,,,1,1,2,2,3,1,,3,2,2
3103.1,1,0,0,1,1,1,0,0,1,1,0,1,0,0,1,1,1,1,0,0,1,1,,,3,2,1,,,1,2,,1,,,1,3,3,1,,,1,2
3102.1,1,1,1,1,1,1,1,1,1,1,0,1,0,1,1,1,1,1,1,0,1,1,1,3,3,3,2,1,1,1,1,,1,,2,3,3,3,1,2,,2,2
3070.1,0,1,0,1,1,1,1,1,1,1,1,1,0,0,1,1,1,1,1,0,1,,1,,3,3,3,1,2,1,3,1,1,,,2,1,3,2,2,,2,2
2011.1,1,1,0,1,1,1,1,0,1,1,0,1,0,0,1,1,1,1,1,1,1,1,1,,3,3,3,1,,2,1,,1,,,3,3,3,1,1,1,1,2
2012.1,0,1,0,1,1,0,1,0,0,1,0,1,0,0,1,0,0,1,1,0,0,,1,,1,3,,1,,,1,,1,,,2,,,,1,,,2
2013.1,1,1,0,1,1,1,0,0,0,1,0,1,0,1,1,0,1,1,1,0,1,1,1,,3,3,3,,,,2,,2,,2,2,,3,2,2,,3,2
3077.1,1,1,0,0,1,0,1,0,0,1,0,0,0,0,1,0,1,1,1,0,1,1,1,,,2,,1,,,1,,,,,1,,2,1,1,,1,2
3092.1,0,1,0,1,1,1,0,0,1,1,0,1,0,1,1,1,1,1,0,1,1,,1,,2,3,2,,,1,2,,1,,2,3,1,1,1,,3,2,2
3072.1,0,1,0,1,1,1,1,0,0,1,0,1,0,0,1,0,1,0,1,1,1,,1,,1,2,2,1,,,1,,1,,,1,,1,1,2,1,3,2
3104.1,1,1,1,1,1,1,1,1,1,0,0,0,0,1,1,1,1,1,0,0,1,1,1,2,2,1,1,1,2,1,,,,,1,3,1,2,3,,,2,2
3107.1,1,1,0,1,1,1,1,1,1,1,0,1,0,1,1,1,1,0,0,0,1,1,3,,2,3,2,1,3,1,3,,1,,2,3,3,2,1,,,2,2
3106.1,1,1,0,1,1,1,1,0,1,1,0,1,1,1,1,0,1,1,1,0,1,2,1,,2,3,3,2,,1,1,,2,2,1,1,,1,1,2,,2,2
3098.1,0,1,0,0,1,1,1,1,0,1,0,1,0,0,0,0,1,1,0,0,1,,1,,,2,1,1,3,,2,,1,,,,,1,1,,,1,2
3117.1,0,1,0,1,1,0,1,0,0,0,0,1,0,1,1,0,1,0,1,0,1,,1,,2,2,,1,,,,,2,,3,3,,2,1,1,,2,2
3119.1,1,1,0,1,1,0,1,0,1,1,0,1,1,0,1,0,1,1,1,0,1,1,1,,1,1,,1,,1,1,,1,1,,1,,1,1,1,,1,2
3086.1,1,1,1,1,1,1,0,1,1,1,0,1,1,1,1,0,1,1,1,0,1,1,3,1,1,3,2,,2,1,2,,3,1,3,2,,2,3,3,,3,2
2014.1,1,1,1,1,1,1,1,0,1,1,0,1,0,1,1,1,1,1,0,1,1,1,1,3,2,1,1,1,,1,1,,1,,2,2,2,1,1,,1,2,2
3094.1,0,1,1,1,1,1,0,1,1,1,0,1,1,1,1,1,1,1,1,1,1,,1,3,2,2,1,,1,1,1,,1,1,2,2,1,2,2,1,3,3,2
3091.1,1,1,1,1,1,1,1,1,1,0,0,1,1,1,1,1,1,1,1,1,1,1,1,3,3,2,2,2,2,1,,,1,2,2,2,3,3,2,1,3,3,2
3099.1,1,1,1,1,1,1,1,1,0,0,0,0,0,1,1,1,1,1,1,1,1,1,1,3,2,2,3,3,2,,,,,,3,2,2,3,3,2,3,3,2
3100.1,0,0,1,1,1,1,0,0,0,0,0,1,0,1,1,0,1,1,1,1,1,,,1,2,3,2,,,,,,2,,2,2,,3,3,1,1,2,2
3101.1,1,1,1,1,1,1,1,1,1,1,0,1,1,1,1,0,1,1,1,1,1,3,2,3,3,3,2,3,2,1,3,,1,1,3,2,,3,2,3,3,2,2
3105.1,1,1,1,1,1,1,1,1,0,1,1,1,1,1,1,1,1,1,1,0,1,2,2,2,2,3,3,3,2,,2,1,3,3,3,3,1,3,2,2,,2,2
3122.1,1,1,1,1,1,0,1,0,1,1,0,1,0,1,1,1,1,1,1,1,1,2,3,1,3,3,,3,,3,2,,3,,2,3,3,3,2,3,2,2,2
3113.1,1,1,1,1,1,0,1,0,0,1,0,1,0,1,1,0,1,1,1,0,1,1,2,2,3,3,,3,,,2,,1,,2,1,,3,3,1,,2,2
3109.1,1,1,1,1,1,1,1,1,1,1,1,1,1,1,1,1,1,1,1,1,1,1,2,1,3,2,1,3,3,1,2,3,2,3,1,1,1,3,2,1,1,1,2
3112.1,1,1,1,1,1,1,1,1,1,1,0,0,1,1,1,0,1,1,1,1,1,3,2,2,3,3,3,2,3,1,3,,,2,2,3,,3,2,2,3,3,2
3108.1,0,1,0,1,1,1,1,1,0,1,0,1,0,0,1,0,1,1,0,0,1,,2,,3,3,3,3,2,,2,,3,,,2,,2,1,,,3,2
3121.1,0,1,1,1,1,1,1,1,0,1,0,1,1,1,1,0,1,1,1,0,1,,1,3,3,3,3,2,2,,2,,2,3,1,2,,2,2,3,,1,2
3123.1,1,1,1,1,1,1,1,1,0,1,1,1,1,1,1,1,1,0,1,1,1,1,1,1,2,2,2,1,3,,2,1,2,1,2,2,2,2,1,1,1,2,2
3125.1,1,1,1,1,1,1,0,1,0,1,0,1,1,1,1,0,1,1,1,1,1,1,2,3,3,3,3,,3,,3,,2,2,3,3,,3,1,2,3,2,2
3129.1,1,1,1,1,1,1,1,1,1,1,0,1,1,1,1,1,1,0,1,1,1,1,3,3,1,3,3,2,2,3,3,,3,2,3,3,3,2,1,1,2,3,2
3118.1,1,1,1,1,1,1,1,0,0,1,0,1,1,1,1,1,1,1,1,1,1,3,2,3,3,3,3,3,,,2,,1,1,2,2,3,2,2,2,3,2,2
3134.1,1,1,1,1,1,1,1,1,1,1,0,1,0,1,1,1,1,1,1,0,1,1,2,1,1,2,3,2,1,1,2,,1,,1,2,1,1,1,2,,1,2
3116.1,1,1,1,1,1,1,1,0,1,1,0,1,0,1,1,0,1,1,1,1,1,2,2,2,2,3,2,3,,2,3,,2,,1,3,,3,3,2,2,2,2
3131.1,1,1,1,1,1,1,1,1,1,1,0,1,0,1,1,0,1,1,1,1,1,1,1,3,2,3,1,1,2,1,3,,3,,3,3,,3,1,1,2,3,2
3130.1,1,1,1,1,1,0,1,0,0,0,0,1,0,0,1,0,1,1,1,0,1,1,1,2,3,1,,1,,,,,1,,,1,,1,1,1,,1,2
3124.1,1,1,1,1,1,1,1,0,0,1,0,1,0,1,1,0,1,1,1,1,1,1,3,3,3,3,2,2,,,2,,2,,2,3,,3,1,1,3,2,2
3128.1,0,1,1,1,1,1,1,0,1,1,0,1,1,1,1,1,1,0,0,1,1,,1,1,3,3,3,2,,1,2,,3,2,3,3,3,2,1,,2,3,2
3133.1,1,1,1,1,1,1,1,1,1,1,0,1,1,1,1,1,1,1,1,1,1,1,1,1,3,3,2,2,2,1,3,,3,2,2,3,1,2,1,1,1,2,2
3120.1,1,1,1,1,1,1,1,1,1,1,0,1,1,0,1,1,1,1,1,1,1,2,2,3,3,3,2,2,1,1,2,,3,1,,3,1,3,3,2,3,3,2
3127.1,1,1,1,1,1,0,0,0,0,0,0,1,0,1,1,1,1,1,0,1,0,1,2,3,1,2,,,,,,,2,,1,1,1,1,1,,1,,2
3126.1,1,1,1,1,1,1,1,1,1,1,0,1,1,1,1,1,1,1,1,1,1,2,1,3,3,3,3,3,3,2,3,,3,3,3,3,3,3,2,1,3,3,2
2017.1,1,0,0,1,0,1,0,0,1,1,0,1,0,0,1,0,0,1,0,0,1,1,,,1,,2,,,2,3,,2,,,1,,,,,,2,2
1028.1,1,1,1,1,1,0,1,1,1,1,1,1,1,1,1,,1,1,1,1,1,1,1,1,1,1,,1,1,1,1,1,1,1,1,1,,1,1,1,1,1,2
2015.1,1,1,0,1,1,1,1,1,1,1,0,1,0,1,1,0,0,1,1,0,1,1,1,,3,2,2,3,1,1,2,,1,,2,1,,,,1,,1,2
2022.1,1,1,0,1,1,1,0,0,0,1,0,0,0,0,1,1,1,1,1,0,1,1,1,,2,3,1,,,,2,,,,,1,2,1,3,1,,2,2
2016.1,1,1,0,1,1,0,1,0,1,1,1,1,0,1,1,0,0,1,1,0,1,1,2,,2,3,,3,,1,3,1,1,,2,3,,,,1,,2,2
2019.1,1,1,0,0,1,0,1,1,1,1,1,1,0,1,1,0,1,1,1,0,1,1,3,,,2,,1,1,1,1,3,1,,2,3,,2,1,1,,3,2
1029.1,0,1,0,1,1,0,0,0,0,1,0,0,1,1,0,,1,0,1,0,1,,1,,3,1,,,,,2,,,3,1,,,3,2,3,,1,2
1030.1,0,1,0,1,1,0,1,0,1,1,0,1,0,1,0,,0,1,1,0,1,,2,,1,1,,3,,3,1,,1,,2,,,,,1,,2,2
3132.1,1,1,1,1,1,1,1,1,1,1,1,1,1,1,1,1,1,1,1,1,1,2,3,3,3,3,3,3,3,2,3,3,3,2,2,3,3,3,3,3,3,3,2
2018.1,1,0,0,1,1,1,0,0,1,0,0,1,0,1,1,0,1,1,1,1,1,1,,,3,2,2,,,1,,,3,,1,3,,2,2,1,1,2,2
1027.1,0,1,0,1,1,0,1,0,0,1,0,1,0,0,1,,1,1,1,1,1,,1,,1,2,,1,,,1,,1,,,1,,2,1,1,1,1,2
3135.1,1,1,1,1,1,1,1,1,1,1,0,1,0,1,1,1,1,1,1,1,1,3,2,3,3,3,3,3,3,2,1,,1,,1,2,2,3,2,1,3,2,2
3136.1,1,1,1,1,1,1,1,1,1,1,1,1,1,1,1,1,1,0,1,1,1,3,2,3,2,3,3,2,1,2,2,1,3,2,3,2,3,2,1,2,3,3,2
2021.1,1,1,0,1,0,1,1,1,0,1,0,1,1,0,0,0,1,1,1,0,0,2,1,,1,,1,3,2,,2,,2,2,,,,3,1,1,,,2
2020.1,1,0,0,1,0,1,1,1,1,0,1,1,1,0,1,0,1,1,0,0,1,1,,,2,,3,3,3,1,,3,1,1,,1,,3,1,,,1,2
1031.1,0,0,0,1,1,0,0,0,0,1,0,0,0,0,0,,0,0,0,0,0,,,,2,3,,,,,1,,,,,,,,,,,,2
2023.1,1,0,1,1,1,1,1,1,1,1,0,1,0,1,1,0,1,1,1,1,0,1,,3,3,3,3,3,3,2,2,,2,,2,1,,3,2,2,3,,2
2038.1,1,1,0,1,1,1,1,0,1,1,0,1,0,1,1,0,1,1,0,0,1,1,1,,3,2,3,1,,1,1,,1,,1,3,,2,1,,,1,2
1035.1,1,1,0,1,1,0,1,0,0,1,0,0,0,1,1,,1,1,1,1,1,2,2,,3,3,,2,,,1,,,,1,1,,3,2,1,2,1,2
1036.1,0,1,0,0,1,0,0,0,0,1,0,1,0,0,0,,0,1,1,1,1,,3,,,3,,,,,3,,3,,,,,,,1,2,1,2
1032.1,1,1,0,0,1,1,1,0,0,1,0,1,0,1,1,,1,1,1,1,0,1,1,,,3,1,3,,,1,,3,,2,3,,2,3,2,3,,2
2024.1,1,1,0,1,1,1,1,1,0,1,0,0,0,0,1,0,1,1,1,1,1,1,1,,2,3,2,2,1,,2,,,,,1,,2,1,1,1,1,2
1033.1,1,1,1,1,1,1,1,0,0,1,1,1,0,0,1,,1,0,0,1,1,2,2,2,2,2,2,1,,,2,3,1,,,2,,1,2,,3,2,2
1034.1,1,1,0,1,1,0,1,1,1,1,0,1,0,1,0,,1,1,1,1,0,2,2,,1,2,,1,1,1,1,,1,,1,,,1,1,2,1,,2
2025.1,1,1,1,1,1,0,1,0,1,1,0,1,0,1,1,0,1,1,0,0,1,1,1,2,3,2,,3,,1,2,,2,,1,2,,3,3,,,2,2
2027.1,0,1,0,1,1,1,1,1,0,1,1,1,0,1,1,0,1,1,1,1,0,,1,,3,3,3,3,3,,2,1,3,,3,3,,3,2,2,3,,2
2028.1,1,1,0,1,1,0,1,1,0,1,1,1,1,0,1,0,1,1,1,1,1,1,1,,3,3,,2,1,,1,1,2,1,,3,,3,1,2,3,1,2
2108.1,0,0,0,1,1,1,1,1,0,0,1,1,1,1,1,0,1,1,0,0,1,,,,3,3,2,1,3,,,1,3,2,1,1,,1,1,,,1,2
2109.1,0,0,0,1,1,0,1,0,0,1,0,0,0,0,0,0,1,1,0,0,1,,,,3,3,,2,,,1,,,,,,,3,2,,,1,2
2026.1,0,0,0,0,1,0,0,0,0,0,0,0,0,0,0,0,0,0,0,0,0,,,,,1,,,,,,,,,,,,,,,,,2
3137.1,1,1,1,1,1,1,1,1,1,1,1,1,1,1,1,1,1,1,1,1,1,2,1,3,3,3,3,3,3,2,3,3,3,3,3,3,3,3,2,3,3,3,2
3999,0,0,0,0,0,0,0,0,0,0,0,0,0,0,0,0,0,0,0,0,1,,,,,,,,,,,,,,,,,,,,,2,2
2034.1,1,1,1,1,1,1,1,1,1,1,0,1,1,1,1,1,1,1,1,1,1,2,1,3,3,3,3,3,3,2,2,,3,2,2,3,3,3,3,2,3,2,2
2029.1,1,1,1,1,1,1,1,0,1,1,0,1,1,1,1,1,1,1,0,1,1,2,1,2,3,3,3,2,,1,2,,3,1,3,3,2,3,1,,3,1,2
2030.1,0,0,0,1,1,0,1,0,0,1,0,1,0,0,1,0,1,0,1,1,0,,,,2,1,,1,,,1,,1,,,1,,2,1,1,2,,2
3138.1,0,1,1,1,1,1,1,1,0,0,0,0,0,0,1,1,1,0,0,0,1,,1,1,1,1,1,1,2,,,,,,,2,1,1,1,,,1,2
3141.1,1,1,0,1,1,0,0,1,0,1,0,1,0,1,1,1,1,1,1,1,1,1,1,,1,1,,,2,,1,,1,,1,1,1,1,1,1,1,2,2
2031.1,1,1,1,1,1,1,1,0,1,1,0,1,1,1,1,0,1,1,1,1,1,1,1,3,3,3,3,3,,1,3,,2,3,1,3,,3,2,1,3,2,2
1037.1,0,1,0,1,1,0,0,1,0,1,0,1,0,1,1,,1,0,1,1,1,,1,,3,1,,,2,,1,,3,,1,3,,3,1,1,1,1,2
3139.1,1,1,1,1,1,1,1,1,0,1,1,1,1,1,1,1,1,1,1,1,1,2,3,3,3,3,3,3,3,,3,2,3,3,3,3,3,3,2,2,3,3,2
3140.1,0,1,1,1,1,1,0,1,0,1,0,0,1,0,1,1,1,1,1,1,1,,1,3,3,3,3,,3,,2,,,3,,3,3,3,1,1,3,1,2
1041.1,0,1,0,1,1,0,1,0,0,1,1,1,0,0,0,,1,1,1,1,1,,1,,3,2,,3,,,1,3,3,,,,,2,3,1,3,3,2
2033.1,1,1,0,0,1,1,1,0,0,1,0,1,0,1,1,0,0,1,1,0,1,1,1,,,2,1,2,,,1,,1,,1,1,,,,1,,1,2
2035.1,1,1,0,1,1,1,1,0,1,0,0,1,0,1,1,0,1,1,0,1,1,1,1,,2,2,1,2,,2,,,1,,1,1,,2,1,,2,2,2
1051.1,0,1,0,1,1,0,0,0,0,0,0,0,1,1,0,,1,0,1,1,1,,0,,3,2,,,,,,,,0,2,,,2,1,1,0,1,2
2032.1,0,1,0,1,1,1,1,1,0,0,0,1,0,1,1,0,1,1,0,1,1,,1,,3,2,3,1,1,,,,2,,1,2,,3,2,,1,2,2
1038.1,0,1,0,1,1,0,0,0,0,1,0,1,0,1,1,,1,0,0,1,1,,1,,3,3,,,,,1,,3,,1,2,,1,1,,1,2,2
1039.1,1,1,0,1,1,0,0,0,0,1,0,1,0,1,0,,1,1,1,0,1,1,2,,1,3,,,,,3,,3,,2,,,1,2,3,,3,2
3142.1,1,1,0,1,1,1,1,0,1,1,0,1,0,1,1,0,1,1,1,1,1,3,2,,3,3,3,3,,1,3,,3,,2,2,,3,2,2,2,2,2
1040.1,1,1,0,1,1,0,0,0,1,1,0,1,0,0,1,,1,1,1,1,1,1,1,,3,3,,,,1,2,,3,,,1,,2,1,1,1,2,2
1046.1,1,1,0,0,1,0,1,0,0,1,0,1,0,1,0,0,1,1,1,1,1,1,1,,,1,,3,,,1,,1,,1,,,1,2,2,2,2,2
2037.1,1,1,0,1,0,0,1,0,1,1,0,1,0,1,1,0,1,1,1,0,1,1,1,,3,,,2,,1,1,,3,,3,2,,2,3,1,,3,2
1074.1,1,1,0,0,1,0,1,0,1,1,0,1,0,1,1,,1,0,1,0,1,1,1,,,2,,1,,1,2,,1,,0,1,,1,0,1,,1,2
1048.1,0,0,0,1,1,0,1,0,1,1,0,1,0,0,1,,1,1,0,0,0,,,,3,1,,1,,1,1,,2,,,1,,2,1,,,,2
2036.1,1,1,1,1,1,1,0,1,0,1,0,0,0,1,1,1,1,1,1,1,0,1,1,1,3,2,3,,3,,1,,,,1,3,2,3,1,1,3,,2
1044.1,1,0,0,1,1,1,0,0,0,1,0,1,0,0,1,,0,0,0,0,1,1,,,2,1,3,,,,2,,3,,,1,,,,,,2,2
1042.1,0,0,0,1,1,0,0,0,1,1,0,0,0,1,1,,1,1,0,0,1,,,,3,2,,,,1,2,,,,3,3,,3,3,,,1,2
1045.1,1,0,0,1,1,0,1,0,1,1,0,1,0,1,1,,1,1,0,1,1,1,,,3,3,,1,,1,1,,2,,3,2,,3,1,,1,2,2
3143.1,1,1,1,1,1,1,1,0,1,1,1,1,0,1,1,1,1,1,1,1,1,1,2,3,1,3,3,3,,1,2,2,1,,3,3,3,2,2,2,3,2,2
1043.1,1,1,0,0,1,0,1,0,0,1,0,1,0,1,1,,0,0,1,1,1,2,1,,,2,,1,,,2,,2,,1,1,,,,2,3,2,2
2039.1,1,1,0,1,1,1,1,0,0,0,0,1,0,0,1,0,1,1,1,0,1,1,2,,3,2,3,2,,,,,1,,,3,,2,1,3,,2,2
1047.1,1,1,0,1,1,0,1,0,0,0,0,1,0,0,1,,1,1,0,1,0,2,1,,1,1,,1,,,,,2,,,1,,1,1,,1,,2
1050.1,1,1,0,0,1,0,0,0,0,1,0,1,0,0,1,,0,0,1,0,0,1,2,,,3,,,,,1,,2,,,3,,,,1,,,2
1049.1,0,1,0,1,1,0,0,0,0,1,0,1,0,0,0,,1,1,1,1,1,,1,,3,1,,,,,1,,2,,,,,3,3,1,3,2,2
2040.1,1,1,0,1,1,1,1,0,0,1,0,1,0,1,1,0,1,1,1,0,1,1,1,,2,3,1,2,,,1,,1,,2,1,,2,1,1,,2,2
2041.1,1,1,1,1,1,1,1,0,1,1,0,1,0,0,1,1,1,1,1,1,1,1,2,2,3,3,2,3,,2,3,,2,,,2,3,3,3,3,3,3,2
,1,1,1,1,1,1,1,1,1,1,1,1,1,1,1,1,1,1,1,1,1,0,0,0,0,0,0,0,0,0,0,0,0,0,0,0,0,0,0,0,0,0,2
,0,0,0,0,0,0,0,0,0,0,0,0,0,0,0,,0,0,0,0,0,,,,,,,,,,,,,,,,,,,,,,2
3144.1,1,1,1,1,1,1,1,0,1,1,1,1,0,1,1,0,1,1,1,1,1,1,1,3,2,3,3,2,,1,2,1,3,,3,3,,3,2,2,3,2,2
,0,0,0,0,0,0,0,0,0,0,0,0,0,0,0,0,0,0,0,0,0,,,,,,,,,,,,,,,,,,,,,,2
2043.1,0,1,1,0,1,1,0,1,0,1,0,1,0,1,1,0,1,1,0,0,0,,0,0,,0,0,,0,,0,,0,,2,3,,2,1,,,,2
2042.1,0,0,0,0,1,0,0,0,0,0,0,1,0,0,0,0,0,0,0,0,0,,,,,1,,,,,,,1,,,,,,,,,,2
3145.1,1,1,1,1,1,1,1,1,1,1,0,1,1,1,1,1,1,1,1,1,1,1,1,3,3,3,3,2,3,3,2,,1,2,1,1,3,2,1,2,3,1,2
1066.1,1,1,0,1,1,1,0,1,1,1,0,1,1,1,1,,1,1,1,1,1,1,1,,2,1,2,,1,1,2,,1,1,1,1,,2,3,2,2,2,2
2044.1,0,1,1,1,1,0,1,0,0,0,0,0,0,1,0,0,0,1,1,1,1,,1,1,2,2,,3,,,,,,,3,,,,,3,3,2,2
2051.1,0,1,1,1,1,1,0,1,0,0,1,1,0,1,1,0,1,0,1,0,1,,2,3,3,3,3,,2,,,1,1,,2,2,,3,0,1,,2,2
2046.1,1,1,1,1,1,1,1,0,0,1,0,1,0,1,1,,1,1,1,1,1,3,2,3,3,3,3,1,,,3,,2,,3,3,,2,3,3,3,3,2
1055.1,1,1,0,0,1,0,1,1,0,1,0,0,0,0,0,,1,1,0,0,1,0,1,,,1,,0,0,,0,,,,,,,0,1,,,3,2
2055.1,1,1,0,1,1,0,1,0,0,0,0,1,0,1,1,0,1,1,1,0,0,1,1,,3,3,,2,,,,,2,,1,1,,1,1,1,,,2
1052.1,0,1,1,1,1,0,1,0,0,1,0,0,0,0,0,,1,1,1,0,0,,1,0,2,3,,1,,,1,,,,,,,2,1,0,,,2
2045.1,0,1,1,1,1,1,1,0,0,1,0,1,0,1,1,0,1,1,1,1,1,,1,3,3,2,3,2,,,1,,3,,1,2,,3,1,1,3,1,2
1056.1,1,1,0,0,1,0,1,0,0,1,0,0,0,0,1,,1,0,0,1,0,2,1,,,3,,2,,,0,,,,,3,,3,0,,3,,2
2047.1,0,0,0,1,0,1,1,0,1,1,0,0,0,0,0,0,1,1,1,0,1,,,,1,,1,3,,1,1,,,,,,,2,1,1,,1,2
2048.1,0,1,1,1,1,1,0,1,0,1,0,0,1,0,0,0,1,1,1,1,1,,1,2,1,3,2,,1,,2,,,1,,,,2,2,2,3,1,2
1053.1,1,1,0,1,1,1,1,1,0,1,0,1,0,1,1,,1,1,0,1,1,0,1,,1,2,3,1,1,,1,,2,,1,1,,3,1,,1,1,2
1054.1,0,1,0,1,1,1,1,1,0,0,0,1,0,1,0,,1,0,0,1,1,,1,,2,1,2,3,1,,,,1,,2,,,1,1,,2,1,2
1060.1,1,1,0,0,1,0,1,0,0,1,0,1,0,0,0,,1,0,1,0,1,1,1,,,2,,1,,,0,,1,,,,,0,1,1,,1,2
2067.1,1,1,0,1,1,1,1,0,1,1,1,1,0,1,1,1,1,1,0,0,1,0,0,,1,2,1,2,,0,1,0,1,,1,2,0,1,0,,,0,2
1061.1,1,1,0,1,1,0,0,0,0,1,1,1,0,1,1,,1,0,1,1,0,1,1,,3,2,,,,,1,1,1,,1,2,,2,0,1,0,,2
1058.1,1,1,0,1,1,0,1,0,1,0,0,1,0,0,1,,1,1,1,1,0,1,1,,2,1,,1,,3,,,0,,,1,,2,1,2,1,,2
1059.1,0,1,1,1,0,1,0,0,0,1,0,1,0,0,0,,1,1,1,1,0,,0,1,2,,1,,,,3,,0,,,,,2,1,3,2,,2
3147.1,0,0,1,1,1,1,1,1,0,0,0,1,0,1,1,1,1,0,0,1,1,,,2,2,1,1,1,2,,,,2,,0,2,3,2,0,,3,2,2
2059.1,1,1,0,1,1,0,1,0,1,1,0,1,0,0,1,0,1,1,1,0,1,1,1,,2,3,,1,,1,2,,1,,,2,,3,1,1,,2,2
1062.1,1,1,0,1,1,0,0,0,1,0,0,1,0,1,1,,0,1,1,0,1,1,1,,1,2,,,,1,,,3,,1,3,,,,1,,1,2
1057.1,1,1,0,0,1,1,1,0,1,0,0,1,0,1,1,,1,1,1,1,0,0,1,,,2,3,1,,1,,,2,,2,1,,3,1,0,3,,2
2049.1,0,1,0,1,1,1,1,0,1,1,1,1,0,1,1,1,1,1,1,0,1,,1,,1,0,1,2,,0,1,1,1,,2,0,2,1,1,2,,1,2
2060.1,1,0,0,1,1,1,0,1,1,1,1,1,1,0,1,0,1,1,1,1,1,1,,,3,2,0,,1,0,1,2,1,2,,3,,3,1,1,1,3,2
2061.1,1,1,0,1,1,1,1,0,0,1,1,1,0,1,1,0,1,1,1,0,1,2,1,,3,3,1,2,,,1,1,1,,1,3,,3,2,2,,2,2
1068.1,1,1,0,1,1,0,1,0,0,1,0,0,0,1,1,,1,1,1,1,1,1,1,,3,2,,0,,,1,,,,1,0,,0,0,1,1,1,2
3146.1,1,1,1,1,1,1,1,1,1,1,1,1,0,1,1,1,1,1,1,0,1,1,1,1,3,3,3,2,2,1,2,1,3,,2,3,3,3,2,1,,2,2
2050.1,1,1,0,1,1,0,1,0,1,1,0,0,0,1,1,0,0,0,1,0,1,0,0,,1,1,,1,,0,3,,,,1,3,,,,1,,1,2
1067.1,1,0,1,1,1,1,0,0,0,1,0,1,0,1,1,,1,1,1,1,1,0,,3,2,1,3,,,,1,,2,,1,1,,3,2,1,0,1,2
2057.1,1,1,1,1,1,0,0,0,1,1,0,1,0,1,1,0,1,1,1,1,1,3,2,2,1,2,,,,1,3,,1,,2,1,,1,2,3,1,1,2
2053.1,1,1,0,1,1,1,1,1,0,1,0,1,0,1,1,0,1,1,1,1,1,1,2,,3,3,2,3,3,,2,,3,,1,2,,3,1,1,2,2,2
2054.1,1,1,0,1,1,1,1,1,1,1,1,1,0,0,1,0,1,1,1,1,1,1,1,,3,1,3,1,3,1,1,2,2,,,2,,1,1,1,1,1,2
1063.1,1,0,0,0,1,0,1,0,0,1,0,1,0,1,1,,1,1,1,1,1,1,,,,1,,1,,,0,,0,,1,1,,1,1,0,0,0,2
1064.1,1,1,0,1,0,0,0,0,0,0,0,0,0,1,0,,1,0,0,0,1,0,0,,1,,,,,,,,,,0,,,1,1,,,0,2
1065.1,0,0,1,1,1,0,1,0,1,1,0,1,0,1,1,,1,1,1,1,1,,,1,2,3,,1,,1,2,,3,,2,1,,3,1,1,0,3,2
2052.1,0,1,1,1,1,1,1,1,1,1,0,1,0,0,1,0,1,1,1,0,1,,1,1,2,1,2,0,1,1,0,,3,,,3,,3,1,0,,1,2
2056.1,1,0,0,1,1,1,0,0,0,1,0,0,0,1,1,0,1,0,1,0,0,1,,,2,1,3,,,,1,,,,1,1,,1,1,1,,,2
2066.1,1,1,0,1,1,0,1,0,0,1,0,1,0,1,0,0,1,1,1,0,1,2,1,,3,3,,1,,,2,,2,,1,,,3,2,2,,1,2
1072.1,0,0,0,0,1,0,0,0,0,0,0,1,1,1,0,,0,1,1,1,0,,,,,1,,,,,,,1,0,1,,,,,0,2,,2
2064.1,0,1,1,1,0,1,0,1,1,0,0,1,0,0,1,0,1,1,0,1,1,,1,1,3,,1,,1,1,,,1,,,2,,3,1,,1,1,2
2058.1,1,1,1,1,1,0,0,0,0,1,0,1,0,1,1,0,1,0,0,0,1,1,1,3,2,1,,,,,1,,1,,1,2,,2,0,,,2,2
1073.1,0,1,1,1,1,0,1,0,1,1,1,1,0,0,0,,1,1,1,1,1,,0,1,2,2,,1,,0,1,1,2,,,,,1,1,1,2,1,2
3153.1,1,1,1,1,1,1,0,1,1,1,0,1,1,1,1,1,1,1,1,1,1,1,2,2,2,3,3,,3,2,1,,2,1,2,3,3,3,3,1,2,2,2
2062.1,1,1,0,1,1,0,0,0,0,0,0,0,0,1,0,0,0,1,1,0,1,1,1,,1,2,,,,,,,,,2,,,,,1,,3,2
3158.1,1,1,1,1,1,1,1,0,1,1,0,1,0,1,1,0,1,1,1,1,1,1,2,3,3,3,3,2,,1,2,,2,,1,3,,3,2,1,3,2,2
3149.1,1,1,1,1,1,1,1,0,1,1,0,0,1,1,0,0,1,1,1,1,1,2,1,3,2,1,1,1,,1,2,,,3,1,,,1,2,1,3,2,2
3154.1,0,1,1,1,1,1,0,1,1,1,0,1,1,1,1,1,1,1,1,1,1,,2,1,3,1,3,,3,2,0,,3,1,0,3,2,2,1,0,3,2,2
3150.1,1,1,1,0,1,1,1,0,1,0,0,1,1,1,1,1,1,1,0,1,1,2,2,2,,1,3,3,,0,,,3,1,2,2,1,3,3,,3,3,2
3155.1,1,1,1,1,1,1,1,1,1,1,0,1,0,1,1,1,1,1,1,1,1,0,0,2,2,3,1,1,1,0,1,,2,,1,1,1,1,0,0,1,0,2
2068.1,0,1,0,1,1,0,0,1,0,1,0,1,1,1,1,1,1,1,1,0,1,,2,,3,3,,,2,,3,,3,1,2,2,3,3,3,3,,1,2
2065.1,1,1,1,1,1,1,1,1,1,1,1,1,1,1,1,1,1,1,1,1,1,1,1,3,3,3,3,3,3,3,2,3,3,3,1,3,3,3,3,2,3,3,2
3152.1,0,1,1,1,1,1,0,1,1,1,1,1,1,1,1,1,1,1,1,1,1,,1,3,3,2,1,,3,2,1,1,2,3,2,1,2,3,2,1,3,2,2
3148.1,0,1,1,1,1,1,1,0,1,1,1,1,0,1,1,1,1,1,1,1,1,,1,3,1,2,2,1,,1,2,1,1,,1,3,3,3,3,1,3,2,2
1070.1,0,0,0,0,1,0,1,0,1,1,0,0,0,1,1,,1,1,1,1,1,,,,,1,,3,,1,1,,,,2,1,,2,2,2,3,1,2
3151.1,0,1,1,0,1,1,1,1,0,1,0,1,1,0,1,0,0,1,1,1,1,,0,1,,2,0,0,0,,1,,0,1,,1,,,,0,1,0,2
2078.1,1,1,0,1,1,1,1,1,1,1,0,1,1,1,1,0,1,1,0,1,1,1,1,,3,3,1,3,2,2,1,,3,1,1,3,,3,2,,1,1,2
2079.1,1,1,0,1,0,1,0,0,0,0,1,1,0,1,1,0,0,0,1,0,0,1,1,,2,,3,,,,,1,2,,1,1,,,,1,,,2
2069.1,1,1,0,1,1,0,0,0,1,1,1,1,0,1,1,1,1,1,1,1,1,0,0,,3,3,,,,2,3,3,2,,1,2,1,1,1,1,3,3,2
1069.1,1,1,1,1,1,1,1,0,1,1,1,1,1,1,1,,1,1,1,1,1,3,1,2,2,2,1,1,,1,1,2,1,0,2,2,,2,1,2,1,2,2
2074.1,1,1,0,1,1,1,1,1,1,1,1,1,1,1,1,1,1,1,1,1,1,1,2,,3,3,3,3,3,2,3,2,3,3,2,2,3,3,3,3,3,2,2
1078.1,1,1,0,1,1,0,1,0,0,1,0,0,0,1,1,,1,1,1,0,0,1,2,,1,2,,2,,,2,,,,1,1,,2,1,0,,,2
2073.1,1,1,0,1,1,1,1,1,1,1,0,1,0,0,1,1,1,0,1,0,1,1,1,,3,2,3,1,1,1,1,,2,,,3,3,2,0,1,,1,2
2076.1,1,0,0,1,1,1,1,0,1,1,0,1,1,1,1,0,1,1,0,1,1,1,,,3,2,1,1,,1,2,,1,1,3,2,,3,2,,3,3,2
1071.1,0,0,0,0,1,0,0,0,0,1,0,1,0,0,1,,1,1,0,1,0,,,,,3,,,,,1,,1,,,2,,2,1,,1,,2
2071.1,0,1,1,1,1,1,1,1,0,0,1,1,0,0,1,0,1,1,0,1,1,,0,1,1,1,2,1,2,,,2,3,,,3,,1,2,,1,1,2
2072.1,1,0,0,1,1,1,0,1,0,1,0,1,1,0,0,1,0,0,0,1,1,0,,,3,2,1,,3,,2,,2,3,,,3,,,,3,1,2
2070.1,1,1,0,1,1,1,1,0,0,1,0,1,1,0,1,0,0,1,1,1,1,1,1,,1,1,1,2,,,1,,3,3,,2,,,,1,1,3,2
2077.1,0,1,0,1,1,1,1,0,0,1,0,1,0,1,1,0,1,1,0,0,1,,1,,3,1,1,2,,,1,,2,,2,1,,1,1,,,2,2
3156.1,1,1,0,1,1,1,1,1,1,1,0,1,1,1,1,1,1,1,1,1,1,2,1,,3,3,3,3,3,1,3,,3,3,1,3,1,3,3,3,3,1,2
3157.1,0,1,1,1,1,1,0,1,1,1,1,1,1,1,1,1,1,1,1,1,1,,1,3,3,2,0,,1,1,1,3,1,2,2,3,1,2,1,1,1,3,2
2075.1,0,1,0,1,1,1,0,1,1,1,0,1,0,0,1,0,0,1,1,0,1,,1,,2,3,2,,2,0,1,,2,,,2,,,,0,,1,2
1075,1,1,0,0,1,0,1,0,0,1,0,1,0,1,0,,1,0,0,0,0,0,1,,,2,,1,,,3,,3,,2,,,3,0,,,,2
1079.1,0,0,0,1,1,0,0,0,0,1,0,0,0,0,1,,1,0,0,0,0,,,,3,0,,,,,1,,,,,0,,0,0,,,,2
1077.1,0,1,0,1,1,0,1,0,0,0,0,1,0,1,0,,1,1,1,1,1,,1,,3,3,,1,,,,,2,,2,,,3,3,1,2,1,2
1076,1,1,0,1,1,0,1,0,1,1,0,1,0,1,1,,1,1,1,0,1,1,2,,2,2,,2,,3,1,,2,,3,3,,2,2,1,,2,2
2083.1,0,0,0,1,1,1,1,1,1,1,1,1,1,1,1,1,1,1,1,1,1,,,,2,1,3,3,1,2,2,2,2,2,3,1,2,2,2,1,0,0,2
2084.1,1,0,0,0,1,0,0,0,0,1,0,1,0,0,0,0,1,1,1,1,1,0,,,,2,,,,,1,,2,,,,,3,1,2,1,1,2
2081.1,1,1,0,1,1,1,1,0,1,0,1,1,0,0,1,0,1,1,1,1,1,1,1,,3,1,3,2,,1,,1,2,,,2,,2,2,2,1,2,2
1098.1,1,0,0,1,1,0,0,0,0,1,0,1,0,1,1,,1,1,1,1,1,0,,,1,3,,,,,1,,1,,2,1,,2,3,1,2,2,2
1080.1,0,0,0,1,1,0,1,0,0,1,0,0,0,1,1,,0,1,1,1,0,,,,3,3,,1,,,1,,,,2,1,,,,1,2,,2
1112.1,0,1,0,1,1,1,0,0,1,1,0,1,0,1,0,,1,1,1,0,1,,0,,3,3,0,,,3,2,,3,,1,,,3,3,2,,1,2
1099.1,1,1,0,0,1,0,1,0,0,1,0,1,0,0,1,,1,0,1,0,1,1,2,,,3,,2,,,2,,2,,,3,,2,3,1,,1,2
1113.1,1,0,0,0,1,0,1,0,1,0,0,0,0,1,0,,1,0,0,0,0,3,,,,0,,1,,0,,,,,1,,,1,0,,,,2
1083.1,1,1,0,1,1,0,0,0,0,0,0,1,0,0,1,,1,1,1,0,1,1,1,,2,3,,,,,,,3,,,1,,2,2,1,,2,2
1084.1,0,0,0,0,1,0,1,0,0,0,0,1,0,1,0,,0,1,1,0,1,,,,,2,,0,,,,,1,,1,,,,,1,,1,2
1095.1,0,0,0,1,1,0,1,0,0,1,0,1,0,0,1,,1,0,0,1,0,,,,2,3,,2,,,3,,3,,,1,,2,0,,2,,2
2094.1,1,1,1,1,1,0,1,0,0,1,0,1,0,1,1,0,1,1,1,0,0,1,1,1,1,2,,1,,,2,,2,,1,1,,1,1,1,,,2
1103.1,1,1,0,1,1,0,1,0,1,0,0,1,0,1,1,,1,1,0,1,1,1,2,,3,3,,1,,2,,,3,,3,3,,2,3,,3,1,2
1086.1,0,0,0,1,1,0,0,1,0,1,0,1,0,0,0,,1,1,0,0,0,,,,0,1,,,0,,0,,1,,,,,1,0,,,,2
2099.1,0,1,0,1,1,1,1,1,1,1,0,1,1,1,1,1,1,1,1,1,1,,1,,2,3,1,2,1,3,2,,1,1,1,2,1,2,1,2,1,1,2
1085.1,1,0,0,1,1,1,0,0,0,1,0,0,0,1,1,,1,1,0,1,0,0,,,1,3,1,,,,2,,,,2,1,,1,0,,2,,2
1088.1,1,1,0,1,1,0,0,0,0,1,0,0,0,1,1,,1,1,0,0,1,0,1,,1,2,,,,,3,,,,1,1,,2,2,,,1,2
1100,1,1,0,1,1,0,1,0,0,1,0,1,0,0,1,,1,1,1,0,1,1,1,,2,3,,1,,,2,,2,,,1,,2,3,1,,2,2
2093.1,1,1,1,1,1,0,0,0,1,1,0,1,1,0,1,0,1,1,1,1,1,2,3,2,3,2,,,,3,2,,2,1,,1,,3,3,3,3,3,2
2089.1,0,0,0,1,1,0,0,0,0,1,0,0,0,0,1,,1,1,0,0,1,,,,0,2,,,,,1,,,,,0,,3,2,,,0,2
1091.1,0,1,0,0,1,0,1,0,1,1,0,0,0,1,1,,0,1,1,0,1,,0,,,1,,0,,1,3,,,,0,0,,,,1,,0,2
1090.1,0,1,0,1,0,0,1,0,0,1,1,0,0,0,1,,1,1,0,1,0,,0,,1,,,0,,,0,1,,,,2,,1,1,,1,,2
1081.1,0,0,0,0,1,0,0,0,0,0,0,1,0,0,0,,1,1,0,1,0,,,,,3,,,,,,,3,,,,,3,3,,3,,2
1119.1,1,0,0,1,1,0,1,0,0,1,0,1,0,1,1,,1,0,0,1,1,1,,,3,3,,0,,,0,,1,,1,1,,1,0,,2,1,2
1121.1,0,1,0,1,1,1,0,0,0,1,0,0,1,1,1,,1,0,0,1,1,,1,,2,1,2,,,,0,,,1,1,1,,1,0,,2,1,2
1110.1,0,1,0,1,1,0,0,0,0,0,0,1,0,0,1,,0,0,1,0,0,,1,,2,3,,,,,,,0,,,1,,,,1,,,2
1087.1,1,1,1,1,1,1,1,0,0,1,1,1,0,1,1,,1,1,1,1,1,2,2,1,3,3,3,1,,,3,1,2,,3,2,,3,3,2,3,1,2
1092.1,1,1,0,1,1,1,1,1,1,1,1,1,0,1,0,,1,1,1,1,1,1,3,,2,3,3,0,1,3,0,3,0,,3,,,2,3,3,0,3,2
2080.1,1,1,0,1,1,1,0,1,1,1,0,1,1,0,1,0,1,1,1,0,1,0,0,,2,1,2,,3,1,0,,2,3,,1,,1,1,1,,2,2
2087.1,1,1,1,1,1,0,1,0,0,1,0,1,0,1,0,,1,1,1,1,0,1,1,1,3,2,,1,,,1,,1,,3,,,2,1,2,2,,2
2086.1,1,1,0,0,1,1,0,0,0,1,0,1,0,0,1,0,1,1,1,0,1,1,2,,,2,0,,,,1,,0,,,1,,2,1,0,,1,2
1089.1,1,1,0,1,1,0,0,0,0,1,0,1,0,0,1,,1,1,1,0,0,1,1,,0,2,,,,,2,,2,,,0,,2,0,1,,,2
2085.1,1,1,1,1,1,1,1,1,1,1,0,0,0,1,1,1,1,1,1,1,1,2,0,2,3,1,3,2,1,0,1,,,,1,3,0,3,1,0,3,2,2
2091.1,1,1,1,1,1,1,1,1,0,1,0,1,1,1,1,0,1,1,1,1,1,1,1,2,3,3,2,3,1,,1,,1,3,3,2,,2,3,2,3,1,2
2090.1,1,0,0,1,0,0,1,0,0,0,0,0,0,1,1,0,1,1,0,1,1,1,,,1,,,1,,,,,,,1,2,,2,1,,1,1,2
2082.1,1,1,1,1,1,1,1,1,1,1,0,1,1,1,1,1,1,1,1,1,1,2,2,3,3,3,3,1,3,1,1,,1,3,3,3,1,3,3,2,3,1,2
1123.1,1,1,0,0,1,1,0,0,0,0,0,1,0,1,0,,1,1,1,0,0,0,1,,,1,1,,,,,,1,,2,,,2,1,1,,,2
1096.1,1,1,0,1,0,0,1,0,0,1,0,1,0,0,0,,1,1,0,0,1,0,1,,0,,,1,,,0,,1,,,,,0,1,,,1,2
1106.1,0,1,0,1,1,0,0,0,0,1,0,0,0,0,0,,1,0,0,0,1,,1,,1,2,,,,,1,,,,,,,2,0,,,1,2
2092.1,1,0,0,1,1,1,0,0,1,1,0,1,0,0,1,0,1,1,1,0,1,1,,,3,2,1,,,1,2,,2,,,2,,3,2,1,,1,2
1107.1,1,0,0,0,0,0,0,0,0,0,0,0,0,0,0,,0,0,0,0,0,1,,,,,,,,,,,,,,,,,,,,,2
1094.1,1,1,0,1,1,1,0,0,1,1,0,1,1,1,0,,1,1,0,1,0,1,1,,2,1,1,,,1,1,,1,1,1,,,2,1,,1,,2
1082.1,1,1,0,1,1,1,1,0,1,1,0,1,0,1,0,,1,1,1,0,1,1,1,,3,2,3,3,,3,3,,3,,3,,,3,3,1,,1,2
1097.1,0,1,0,1,1,0,0,0,0,1,0,0,0,0,1,,1,1,1,0,0,,0,,1,1,,,,,0,,,,,2,,1,1,0,,,2
2095.1,1,1,0,1,1,1,1,0,1,1,0,0,0,1,1,0,1,1,1,1,1,1,3,,3,2,2,2,,1,2,,,,2,3,,3,1,2,3,3,2
1093.1,1,1,0,0,1,0,1,1,0,1,0,0,0,1,0,,1,0,0,1,1,1,1,,,1,,1,0,,1,,,,2,,,1,1,,1,1,2
1105.1,1,1,0,1,1,0,1,0,1,1,0,1,0,1,0,,1,1,0,1,1,1,1,,1,0,,1,,2,1,,0,,2,,,2,1,,1,1,2
2100.1,1,1,1,1,1,0,1,0,0,1,0,1,0,1,1,0,1,1,1,0,1,1,1,1,1,2,,3,,,1,,2,,2,1,,2,1,1,,2,2
1125.1,0,1,0,1,1,0,0,0,1,1,0,1,0,1,1,,1,1,1,0,1,,3,,3,3,,,,3,3,,2,,2,2,,3,3,1,,3,2
2096.1,1,1,1,1,1,1,0,0,1,1,0,1,0,1,1,1,1,1,1,1,1,1,2,1,3,3,3,,,1,2,,3,,2,3,2,2,2,0,2,1,2
2097.1,1,1,1,1,1,0,1,0,1,1,0,1,0,1,1,0,1,1,1,1,1,1,2,1,3,3,,2,,2,2,,2,,2,3,,2,2,3,1,2,2
1101.1,1,0,0,1,1,0,1,0,0,0,0,1,0,1,0,,1,1,1,1,0,1,,,1,1,,2,,,,,1,,1,,,3,1,2,2,,2
1114.1,1,1,0,1,1,0,1,0,0,1,0,1,0,1,1,,1,1,1,0,1,1,2,,1,3,,3,,,1,,1,,1,3,,3,1,3,,1,2
1104.1,0,1,0,1,0,0,0,0,0,0,0,1,0,0,1,,0,0,0,0,0,,1,,3,,,,,,,,1,,,3,,,,,,,2
1110,0,0,0,1,0,0,0,0,1,0,0,0,0,0,0,,1,0,0,0,0,,,,3,,,,,1,,,,,,,,1,1,,,,2
2103.1,0,0,0,1,1,1,0,1,0,1,1,1,0,0,0,0,0,0,0,0,0,,,,1,1,2,,2,,0,2,2,,,,,,,,,,2
1117.1,0,1,0,1,0,0,1,0,0,0,0,1,0,1,1,,1,1,1,0,1,,1,,3,,,1,,,,,1,,1,3,,3,2,1,,1,2
1116.1,0,1,0,1,1,0,1,0,0,1,0,0,0,0,0,,1,1,0,0,1,,1,,1,1,,2,,,1,,,,,,,1,1,,,3,2
1102.1,1,0,0,1,0,0,0,0,1,1,0,0,0,1,1,,1,1,0,0,1,1,,,3,,,,,1,2,,,,1,1,,3,3,,,0,2
1108.1,0,1,0,1,1,0,0,0,0,0,0,0,0,0,0,,1,1,1,0,0,,1,,1,2,,,,,,,,,,,,1,1,1,,,2
2102.1,1,1,1,1,1,1,1,0,0,1,0,0,0,1,0,0,1,1,1,1,1,1,1,2,3,3,2,1,,,1,,,,2,,,3,1,1,2,1,2
2105.1,1,1,0,1,1,0,1,0,0,1,0,1,0,1,1,0,1,0,1,0,1,0,1,,1,1,,0,,,1,,2,,1,2,,1,1,1,,1,2
2107.1,1,0,1,0,1,0,1,0,1,0,1,0,1,1,0,1,0,1,0,0,1,0,,1,,1,,0,,0,,1,,0,1,,1,,,,,0,2
2101.1,1,1,0,1,0,0,1,1,0,0,0,0,0,0,1,0,1,1,0,0,0,0,0,,3,,,0,0,,,,,,,0,,3,0,,,,2
1109.1,0,0,0,1,1,1,0,0,1,0,0,0,0,0,1,0,1,1,1,1,1,,,,1,1,0,,,0,,,,,,2,,3,1,2,0,2,2
1111.1,0,1,0,1,1,0,1,0,1,1,0,1,0,0,1,,1,1,1,0,1,,1,,3,3,,2,,1,2,,2,,,1,,3,1,2,,3,2
1122.1,0,0,0,0,1,0,0,0,0,1,0,0,0,0,0,,0,0,0,0,0,,,,,1,,,,,1,,,,,,,,,,,,2
2106.1,0,1,0,1,1,1,1,0,0,0,0,0,0,0,1,0,1,1,0,0,1,,1,,2,2,1,3,,,,,,,,1,,2,3,,,3,2
1115.1,1,0,0,1,1,1,1,0,1,0,0,1,0,0,0,,1,0,1,0,0,2,,,3,3,1,1,,1,,,2,,,,,2,2,2,,,2
2104.1,1,1,0,1,0,0,1,0,0,1,0,1,0,0,1,0,1,1,1,1,1,1,1,,3,,,2,,,2,,2,,,1,,3,2,1,3,2,2
1118.1,0,1,0,1,1,0,1,0,1,1,0,0,0,0,1,,1,1,1,0,1,,1,,1,3,,3,,2,2,,,,,1,,3,3,2,,1,2
3999,1,1,1,1,1,1,1,1,1,1,1,1,1,1,1,,1,1,1,1,1,0,0,0,0,0,0,0,0,0,0,0,0,0,0,0,,0,0,0,0,0,2
1124.1,1,1,0,1,0,1,0,1,0,0,0,1,0,1,1,,1,0,1,1,1,0,0,,3,,2,,1,,,,2,,1,3,,1,0,0,2,0,2
2110.1,0,1,0,1,1,0,1,0,1,0,0,1,1,0,1,0,1,1,0,1,0,,1,,3,2,,1,,2,,,3,1,,1,,3,2,,2,,2
2113.1,0,1,0,1,1,0,0,0,0,0,0,1,0,0,1,,1,1,0,1,0,,1,,2,3,,,,,,,1,,,1,,3,1,,2,,2
2122.1,0,1,0,1,1,1,1,0,0,1,0,1,0,1,1,0,1,1,1,0,1,,1,,1,3,0,2,,,2,,2,,1,1,,1,1,2,,2,2
2111.1,1,1,0,1,1,1,1,0,1,1,0,1,0,1,1,0,1,1,1,1,1,1,1,,3,2,1,1,,1,1,,3,,1,3,,3,2,2,2,2,2
2123.1,1,1,0,1,1,1,0,0,1,1,1,1,0,0,1,1,1,1,1,1,1,1,1,,3,2,1,,,2,1,1,2,,,2,2,3,2,1,1,2,2
1129.1,0,0,0,1,0,1,0,0,0,0,0,1,1,0,0,,0,0,0,1,0,,,,0,,1,,,,,,1,2,,,,,,,0,,2
2114.1,1,1,0,1,1,1,1,1,1,1,0,1,1,1,1,1,1,1,1,0,1,1,2,,1,1,1,1,0,1,1,,2,0,1,1,1,1,1,1,,1,2
1126.1,0,1,0,0,1,0,0,0,1,1,0,1,0,1,0,,1,1,0,0,1,,1,,,0,,,,1,1,,1,,1,,,1,2,,,1,2
1128.1,0,0,0,0,1,0,0,1,0,0,1,1,0,0,0,,0,1,1,1,0,,,,,3,,,0,,,0,3,,,,,,,2,0,,2
2113.1,1,1,0,1,1,1,1,0,0,1,0,1,1,1,1,0,1,1,1,1,1,1,1,,3,2,3,2,,,1,,1,3,2,3,,3,2,1,1,3,2
2118.1,0,1,0,1,1,1,1,0,0,0,0,1,0,1,0,0,0,1,1,1,1,,0,,1,1,1,2,,,,,0,,1,,,,,1,0,1,2
2112.1,1,1,1,1,1,1,0,1,1,1,1,1,1,1,1,0,1,1,1,1,1,1,1,0,3,2,3,,3,3,2,2,1,3,1,3,,3,2,2,2,3,2
2130.1,0,1,0,1,1,0,1,0,1,1,1,1,1,1,1,0,1,1,1,1,1,,1,,1,2,,1,,2,1,1,1,3,3,1,,3,2,1,3,3,2
2115.1,1,0,0,1,1,1,0,1,0,0,0,1,0,1,0,0,1,1,1,1,1,1,,,2,3,3,,1,,,,2,,1,,,1,1,1,1,1,2
2116.1,1,0,0,1,1,1,1,1,0,1,0,1,1,1,1,0,1,1,1,0,1,1,,,3,3,3,1,3,,0,,3,3,3,3,,3,2,1,,3,2
2124.1,1,1,1,1,1,1,1,1,1,0,1,0,0,1,1,0,1,1,1,1,1,0,1,3,1,2,1,2,0,1,,0,,,1,3,,1,1,0,1,1,2
2088.1,0,0,0,1,1,0,1,0,0,0,0,0,1,1,0,0,1,0,0,1,0,,,,1,1,,2,,,,,,1,1,,,2,0,,1,,2
2129.1,0,0,0,1,1,0,0,0,0,1,0,1,0,1,1,0,0,0,0,0,0,,,,1,2,,,,,0,,1,,1,1,,,,,,,2
2120.1,1,0,0,0,0,0,1,1,1,1,1,0,0,1,1,0,1,1,0,1,1,1,,,,,,1,1,1,1,1,,,1,1,,1,1,,2,1,2
2117.1,0,1,0,1,1,1,1,0,0,1,0,1,0,1,1,1,1,1,0,1,1,,3,,3,3,3,2,,,2,,2,,2,1,3,3,3,,1,2,2
2098.1,1,1,0,1,1,1,1,1,0,1,1,1,1,1,1,0,1,1,1,1,1,3,3,,2,3,1,1,3,,3,3,3,3,2,3,,3,3,3,2,3,2
2127.1,1,1,0,1,1,1,1,0,1,1,0,1,0,1,0,0,1,1,1,0,1,1,1,,3,2,1,3,,1,1,,2,,3,,,3,3,2,,2,2
2119.1,1,1,0,1,1,1,1,0,1,1,1,1,0,1,1,1,1,1,1,0,1,2,2,,3,3,3,1,,1,1,1,2,,3,3,2,2,1,1,,1,2
2121.1,1,1,1,1,1,1,1,1,1,0,0,1,0,1,1,1,1,1,1,1,1,2,2,3,1,3,2,3,3,1,,,1,,3,3,1,2,2,2,3,1,2
1132.1,0,0,0,1,1,0,0,0,0,0,0,0,0,0,0,,1,1,0,0,0,,,,0,1,,,,,,,,,,,,0,2,,,,2
2126.1,0,1,1,1,0,1,0,1,1,0,1,1,0,1,1,1,1,1,0,1,1,,1,2,1,,3,,2,1,,1,2,,1,1,2,3,1,,2,1,2
2125.1,0,1,1,1,1,1,1,1,0,1,0,1,1,1,1,0,1,1,1,1,1,,1,3,2,2,2,2,3,,1,,3,2,1,1,,1,2,1,3,2,2
2128.1,1,1,0,1,1,0,1,0,1,0,0,1,0,1,1,1,1,1,1,0,1,0,1,,3,3,,1,,1,,,3,,2,1,2,3,2,2,,1,2
1131.1,1,0,0,1,1,1,1,0,0,1,0,1,0,1,1,,1,1,1,0,1,1,,,3,3,3,1,,,1,,2,,1,2,,1,1,1,,1,2
1130.1,0,1,0,1,1,1,0,0,1,1,0,1,0,1,1,,1,1,0,1,1,,1,,3,2,3,,,1,1,,1,,2,2,,1,1,,3,2,2
